source,session,subarea,topology,topology_raw,N,slider,variant,repeat_tag,compression_pct,status,density,num_specimens,relative_path,source_path
experiment,20260422,,Auxetic,Auxetic,1,8,,one_sample,,partial,,1,experiment/20260422/Auxetic/N1_slider8_one_sample/data.csv,/home/haoyu.wang/ARTC_Database_final/generate_script/realexperiment/raw data/Auxetic_1_8 one sample.csv
experiment,20260422,,Auxetic,Auxetic,1,4,,remove2,,partial,,2,experiment/20260422/Auxetic/N1_slider4_remove2/data.csv,/home/haoyu.wang/ARTC_Database_final/generate_script/realexperiment/raw data/Auxetic_1_4 remove 2.csv
experiment,20260422,,Auxetic,Auxetic,2,4,,,,successful,,3,experiment/20260422/Auxetic/N2_slider4/data.csv,/home/haoyu.wang/ARTC_Database_final/generate_script/realexperiment/raw data/Auxetic_2_4.csv
experiment,20260422,,Auxetic,Auxetic,2,8,,,,successful,,3,experiment/20260422/Auxetic/N2_slider8/data.csv,/home/haoyu.wang/ARTC_Database_final/generate_script/realexperiment/raw data/Auxetic_2_8.csv
experiment,20260422,,Auxetic,Auxetic,3,4,,,,successful,,3,experiment/20260422/Auxetic/N3_slider4/data.csv,/home/haoyu.wang/ARTC_Database_final/generate_script/realexperiment/raw data/Auxetic_3_4.csv
experiment,20260422,,Auxetic,Auxetic,3,8,,,,successful,,3,experiment/20260422/Auxetic/N3_slider8/data.csv,/home/haoyu.wang/ARTC_Database_final/generate_script/realexperiment/raw data/Auxetic_3_8.csv
experiment,20260422,,Auxetic,Auxetic,4,8,,,,successful,,3,experiment/20260422/Auxetic/N4_slider8/data.csv,/home/haoyu.wang/ARTC_Database_final/generate_script/realexperiment/raw data/Auxetic_4_8.csv
experiment,20260422,,Auxetic,Auxetic,4,4,,wrong_dir,,flagged,,3,experiment/20260422/Auxetic/N4_slider4_wrong_dir/data.csv,/home/haoyu.wang/ARTC_Database_final/generate_script/realexperiment/raw data/Auxetic_4_4 wrong print direction.csv
experiment,20260422,,Auxetic,Auxetic,5,8,,,,successful,,3,experiment/20260422/Auxetic/N5_slider8/data.csv,/home/haoyu.wang/ARTC_Database_final/generate_script/realexperiment/raw data/Auxetic_5_8.csv
experiment,20260422,,Auxetic,Auxetic,5,4,,r1,,successful,,3,experiment/20260422/Auxetic/N5_slider4_r1/data.csv,/home/haoyu.wang/ARTC_Database_final/generate_script/realexperiment/raw data/Auxetic_5_4-1.csv
experiment,20260422,,Auxetic,Auxetic,5,4,,r2,,successful,,3,experiment/20260422/Auxetic/N5_slider4_r2/data.csv,/home/haoyu.wang/ARTC_Database_final/generate_script/realexperiment/raw data/Auxetic_5_4-2.csv
experiment,20260422,,BCC,BCC,1,8,,,,successful,,3,experiment/20260422/BCC/N1_slider8/data.csv,/home/haoyu.wang/ARTC_Database_final/generate_script/realexperiment/raw data/BCC_1_8.csv
experiment,20260422,,BCC,BCC,2,8,,,,successful,,3,experiment/20260422/BCC/N2_slider8/data.csv,/home/haoyu.wang/ARTC_Database_final/generate_script/realexperiment/raw data/BCC_2_8.csv
experiment,20260422,,BCC,BCC,3,8,,,,successful,,3,experiment/20260422/BCC/N3_slider8/data.csv,/home/haoyu.wang/ARTC_Database_final/generate_script/realexperiment/raw data/BCC_3_8.csv
experiment,20260422,,BCC,BCC,5,8,,r1,,successful,,3,experiment/20260422/BCC/N5_slider8_r1/data.csv,/home/haoyu.wang/ARTC_Database_final/generate_script/realexperiment/raw data/BCC_5_8-1.csv
experiment,20260422,,BCC,BCC,5,8,,r2,,successful,,3,experiment/20260422/BCC/N5_slider8_r2/data.csv,/home/haoyu.wang/ARTC_Database_final/generate_script/realexperiment/raw data/BCC_5_8-2.csv
experiment,20260422,,Iso_truss,Isotruss,1,8,,,,successful,,3,experiment/20260422/Iso_truss/N1_slider8/data.csv,/home/haoyu.wang/ARTC_Database_final/generate_script/realexperiment/raw data/Isotruss_1_8.csv
experiment,20260422,,Iso_truss,Isotruss,2,8,,,,successful,,3,experiment/20260422/Iso_truss/N2_slider8/data.csv,/home/haoyu.wang/ARTC_Database_final/generate_script/realexperiment/raw data/Isotruss_2_8.csv
experiment,20260422,,Iso_truss,Isotruss,3,8,,,,successful,,3,experiment/20260422/Iso_truss/N3_slider8/data.csv,/home/haoyu.wang/ARTC_Database_final/generate_script/realexperiment/raw data/Isotruss_3_8.csv
experiment,20260422,,Iso_truss,Isotruss,4,8,,,,successful,,3,experiment/20260422/Iso_truss/N4_slider8/data.csv,/home/haoyu.wang/ARTC_Database_final/generate_script/realexperiment/raw data/Isotruss_4_8.csv
experiment,20260422,,Iso_truss,Isotruss,5,8,,r1,,successful,,3,experiment/20260422/Iso_truss/N5_slider8_r1/data.csv,/home/haoyu.wang/ARTC_Database_final/generate_script/realexperiment/raw data/Isotruss_5_8-1.csv
experiment,20260422,,Iso_truss,Isotruss,5,8,,r2,,successful,,3,experiment/20260422/Iso_truss/N5_slider8_r2/data.csv,/home/haoyu.wang/ARTC_Database_final/generate_script/realexperiment/raw data/Isotruss_5_8-2.csv
experiment,20260422,,Kelvin,Kelvin,1,4,,,,successful,,3,experiment/20260422/Kelvin/N1_slider4/data.csv,/home/haoyu.wang/ARTC_Database_final/generate_script/realexperiment/raw data/Kelvin_1_4.csv
experiment,20260422,,Kelvin,Kelvin,1,8,,,,successful,,3,experiment/20260422/Kelvin/N1_slider8/data.csv,/home/haoyu.wang/ARTC_Database_final/generate_script/realexperiment/raw data/Kelvin_1_8.csv
experiment,20260422,,Kelvin,Kelvin,2,4,,,,successful,,3,experiment/20260422/Kelvin/N2_slider4/data.csv,/home/haoyu.wang/ARTC_Database_final/generate_script/realexperiment/raw data/Kelvin_2_4.csv
experiment,20260422,,Kelvin,Kelvin,2,8,,,,successful,,3,experiment/20260422/Kelvin/N2_slider8/data.csv,/home/haoyu.wang/ARTC_Database_final/generate_script/realexperiment/raw data/Kelvin_2_8.csv
experiment,20260422,,Kelvin,Kelvin,3,4,,,,successful,,3,experiment/20260422/Kelvin/N3_slider4/data.csv,/home/haoyu.wang/ARTC_Database_final/generate_script/realexperiment/raw data/Kelvin_3_4.csv
experiment,20260422,,Kelvin,Kelvin,3,8,,,,successful,,3,experiment/20260422/Kelvin/N3_slider8/data.csv,/home/haoyu.wang/ARTC_Database_final/generate_script/realexperiment/raw data/Kelvin_3_8.csv
experiment,20260422,,Kelvin,Kelvin,4,4,,,,successful,,3,experiment/20260422/Kelvin/N4_slider4/data.csv,/home/haoyu.wang/ARTC_Database_final/generate_script/realexperiment/raw data/Kelvin_4_4.csv
experiment,20260422,,Kelvin,Kelvin,4,8,,,,successful,,3,experiment/20260422/Kelvin/N4_slider8/data.csv,/home/haoyu.wang/ARTC_Database_final/generate_script/realexperiment/raw data/Kelvin_4_8.csv
experiment,20260422,,Kelvin,Kelvin,5,4,,r1,,successful,,3,experiment/20260422/Kelvin/N5_slider4_r1/data.csv,/home/haoyu.wang/ARTC_Database_final/generate_script/realexperiment/raw data/Kelvin_5_4-1.csv
experiment,20260422,,Kelvin,Kelvin,5,8,,r1,,successful,,3,experiment/20260422/Kelvin/N5_slider8_r1/data.csv,/home/haoyu.wang/ARTC_Database_final/generate_script/realexperiment/raw data/Kelvin_5_8-1.csv
experiment,20260422,,Kelvin,Kelvin,5,4,,r2,,successful,,3,experiment/20260422/Kelvin/N5_slider4_r2/data.csv,/home/haoyu.wang/ARTC_Database_final/generate_script/realexperiment/raw data/Kelvin_5_4-2.csv
experiment,20260422,,Kelvin,Kelvin,5,8,,r2,,successful,,3,experiment/20260422/Kelvin/N5_slider8_r2/data.csv,/home/haoyu.wang/ARTC_Database_final/generate_script/realexperiment/raw data/Kelvin_5_8-2.csv
experiment,20260422,,Octet_truss,Octettruss,1,8,,,,successful,,3,experiment/20260422/Octet_truss/N1_slider8/data.csv,/home/haoyu.wang/ARTC_Database_final/generate_script/realexperiment/raw data/Octettruss_1_8.csv
experiment,20260422,,Octet_truss,Octettruss,2,8,,,,successful,,3,experiment/20260422/Octet_truss/N2_slider8/data.csv,/home/haoyu.wang/ARTC_Database_final/generate_script/realexperiment/raw data/Octettruss_2_8.csv
experiment,20260422,,Octet_truss,Octettruss,3,8,,,,successful,,3,experiment/20260422/Octet_truss/N3_slider8/data.csv,/home/haoyu.wang/ARTC_Database_final/generate_script/realexperiment/raw data/Octettruss_3_8.csv
experiment,20260422,,Octet_truss,Octettruss,4,8,,,,successful,,3,experiment/20260422/Octet_truss/N4_slider8/data.csv,/home/haoyu.wang/ARTC_Database_final/generate_script/realexperiment/raw data/Octettruss_4_8.csv
experiment,20260422,,Octet_truss,Octettruss,5,8,,,,successful,,3,experiment/20260422/Octet_truss/N5_slider8/data.csv,/home/haoyu.wang/ARTC_Database_final/generate_script/realexperiment/raw data/Octettruss_5_8.csv
simulation,NewSession2,N2_calibration,AFCC,AFCC,2,8,,,60,successful,0.211945834354,1,simulation/NewSession2/N2_calibration/AFCC/N2/feature_data.txt,/home/haoyu.wang/ARTC_Database_final/generate_script/NewSession2/N2_calibration/AFCC/AFCC_5_0p5_8_StaCompre_2x2x2/feature_data.txt
simulation,NewSession2,N2_calibration,Auxetic,Auxetic,2,8,,,60,successful,0.21241804993,1,simulation/NewSession2/N2_calibration/Auxetic/N2/feature_data.txt,/home/haoyu.wang/ARTC_Database_final/generate_script/NewSession2/N2_calibration/Auxetic/Auxetic_5_0p5_8_StaCompre_2x2x2/feature_data.txt
simulation,NewSession2,N2_calibration,BCC,BCC,2,8,,,60,successful,0.178463988608,1,simulation/NewSession2/N2_calibration/BCC/N2/feature_data.txt,/home/haoyu.wang/ARTC_Database_final/generate_script/NewSession2/N2_calibration/BCC/BCC_5_0p5_8_StaCompre_2x2x2/feature_data.txt
simulation,NewSession2,N2_calibration,BCCZ,BCCZ,2,8,,,60,successful,0.199889766412,1,simulation/NewSession2/N2_calibration/BCCZ/N2/feature_data.txt,/home/haoyu.wang/ARTC_Database_final/generate_script/NewSession2/N2_calibration/BCCZ/BCCZ_5_0p5_8_StaCompre_2x2x2/feature_data.txt
simulation,NewSession2,N2_calibration,CBCC,CBCC,2,8,,,60,successful,0.242738628759,1,simulation/NewSession2/N2_calibration/CBCC/N2/feature_data.txt,/home/haoyu.wang/ARTC_Database_final/generate_script/NewSession2/N2_calibration/CBCC/CBCC_5_0p5_8_StaCompre_2x2x2/feature_data.txt
simulation,NewSession2,N2_calibration,Cubic,Cubic,2,8,,,60,successful,0.0829354706001,1,simulation/NewSession2/N2_calibration/Cubic/N2/feature_data.txt,/home/haoyu.wang/ARTC_Database_final/generate_script/NewSession2/N2_calibration/Cubic/Cubic_5_0p5_8_StaCompre_2x2x2/feature_data.txt
simulation,NewSession2,N2_calibration,CubicRosette,CubicRosette,2,8,,,60,successful,0.204754713353,1,simulation/NewSession2/N2_calibration/CubicRosette/N2/feature_data.txt,/home/haoyu.wang/ARTC_Database_final/generate_script/NewSession2/N2_calibration/CubicRosette/CubicRosette_5_0p5_8_StaCompre_2x2x2/feature_data.txt
simulation,NewSession2,N2_calibration,Cuboctahedron_Z,Cuboctahedron_Z,2,8,,,60,successful,0.397823440506,1,simulation/NewSession2/N2_calibration/Cuboctahedron_Z/N2/feature_data.txt,/home/haoyu.wang/ARTC_Database_final/generate_script/NewSession2/N2_calibration/Cuboctahedron_Z/Cuboctahedron_Z_5_0p5_8_StaCompre_2x2x2/feature_data.txt
simulation,NewSession2,N2_calibration,Diamond,Diamond,2,8,,,60,successful,0.165338111023,1,simulation/NewSession2/N2_calibration/Diamond/N2/feature_data.txt,/home/haoyu.wang/ARTC_Database_final/generate_script/NewSession2/N2_calibration/Diamond/Diamond_5_0p5_8_StaCompre_2x2x2/feature_data.txt
simulation,NewSession2,N2_calibration,DiamondPlus,DiamondPlus,2,8,,,60,successful,0.234665964195,1,simulation/NewSession2/N2_calibration/DiamondPlus/N2/feature_data.txt,/home/haoyu.wang/ARTC_Database_final/generate_script/NewSession2/N2_calibration/DiamondPlus/DiamondPlus_5_0p5_8_StaCompre_2x2x2/feature_data.txt
simulation,NewSession2,N2_calibration,FBCCXYZ,FBCCXYZ,2,8,,,60,successful,0.407908358757,1,simulation/NewSession2/N2_calibration/FBCCXYZ/N2/feature_data.txt,/home/haoyu.wang/ARTC_Database_final/generate_script/NewSession2/N2_calibration/FBCCXYZ/FBCCXYZ_5_0p5_8_StaCompre_2x2x2/feature_data.txt
simulation,NewSession2,N2_calibration,FBCCZ,FBCCZ,2,8,,,60,successful,0.267208423347,1,simulation/NewSession2/N2_calibration/FBCCZ/N2/feature_data.txt,/home/haoyu.wang/ARTC_Database_final/generate_script/NewSession2/N2_calibration/FBCCZ/FBCCZ_5_0p5_8_StaCompre_2x2x2/feature_data.txt
simulation,NewSession2,N2_calibration,FCC,FCC,2,8,,,60,successful,0.146443652579,1,simulation/NewSession2/N2_calibration/FCC/N2/feature_data.txt,/home/haoyu.wang/ARTC_Database_final/generate_script/NewSession2/N2_calibration/FCC/FCC_5_0p5_8_StaCompre_2x2x2/feature_data.txt
simulation,NewSession2,N2_calibration,FCCZ,FCCZ,2,8,,,60,successful,0.165631061665,1,simulation/NewSession2/N2_calibration/FCCZ/N2/feature_data.txt,/home/haoyu.wang/ARTC_Database_final/generate_script/NewSession2/N2_calibration/FCCZ/FCCZ_5_0p5_8_StaCompre_2x2x2/feature_data.txt
simulation,NewSession2,N2_calibration,G7,G7,2,8,,,60,successful,0.221313400192,1,simulation/NewSession2/N2_calibration/G7/N2/feature_data.txt,/home/haoyu.wang/ARTC_Database_final/generate_script/NewSession2/N2_calibration/G7/G7_5_0p5_8_StaCompre_2x2x2/feature_data.txt
simulation,NewSession2,N2_calibration,Iso_truss,Iso_truss,2,8,,,60,successful,0.307013136378,1,simulation/NewSession2/N2_calibration/Iso_truss/N2/feature_data.txt,/home/haoyu.wang/ARTC_Database_final/generate_script/NewSession2/N2_calibration/Iso_truss/Iso_truss_5_0p5_8_StaCompre_2x2x2/feature_data.txt
simulation,NewSession2,N2_calibration,Kelvin,Kelvin,2,8,,,60,successful,0.206646090521,1,simulation/NewSession2/N2_calibration/Kelvin/N2/feature_data.txt,/home/haoyu.wang/ARTC_Database_final/generate_script/NewSession2/N2_calibration/Kelvin/Kelvin_5_0p5_8_StaCompre_2x2x2/feature_data.txt
simulation,NewSession2,N2_calibration,Octahedron,Octahedron,2,8,,,60,successful,0.204754525177,1,simulation/NewSession2/N2_calibration/Octahedron/N2/feature_data.txt,/home/haoyu.wang/ARTC_Database_final/generate_script/NewSession2/N2_calibration/Octahedron/Octahedron_5_0p5_8_StaCompre_2x2x2/feature_data.txt
simulation,NewSession2,N2_calibration,Octet_truss,Octet_truss,2,8,,,60,successful,0.378637733241,1,simulation/NewSession2/N2_calibration/Octet_truss/N2/feature_data.txt,/home/haoyu.wang/ARTC_Database_final/generate_script/NewSession2/N2_calibration/Octet_truss/Octet_truss_5_0p5_8_StaCompre_2x2x2/feature_data.txt
simulation,NewSession2,N2_calibration,Rhombic,Rhombic,2,8,,,60,successful,0.350409878162,1,simulation/NewSession2/N2_calibration/Rhombic/N2/feature_data.txt,/home/haoyu.wang/ARTC_Database_final/generate_script/NewSession2/N2_calibration/Rhombic/Rhombic_5_0p5_8_StaCompre_2x2x2/feature_data.txt
simulation,NewSession2,N2_calibration,Tetrahedron_base,Tetrahedron_base,2,8,,,60,successful,0.327988848181,1,simulation/NewSession2/N2_calibration/Tetrahedron_base/N2/feature_data.txt,/home/haoyu.wang/ARTC_Database_final/generate_script/NewSession2/N2_calibration/Tetrahedron_base/Tetrahedron_base_5_0p5_8_StaCompre_2x2x2/feature_data.txt
simulation,NewSession2,N2_calibration,Truncated_Octoctahedron,Truncated_Octoctahedron,2,8,,,60,successful,0.298662258023,1,simulation/NewSession2/N2_calibration/Truncated_Octoctahedron/N2/feature_data.txt,/home/haoyu.wang/ARTC_Database_final/generate_script/NewSession2/N2_calibration/Truncated_Octoctahedron/Truncated_Octoctahedron_5_0p5_8_StaCompre_2x2x2/feature_data.txt
simulation,NewSession2,N2_calibration,Truncated_cube,Truncated_cube,2,8,,,60,successful,0.13143861511,1,simulation/NewSession2/N2_calibration/Truncated_cube/N2/feature_data.txt,/home/haoyu.wang/ARTC_Database_final/generate_script/NewSession2/N2_calibration/Truncated_cube/Truncated_cube_5_0p5_8_StaCompre_2x2x2/feature_data.txt
simulation,NewSession2,N2_calibration,WeairePhelan,WeairePhelan,2,8,,,60,successful,0.440974620807,1,simulation/NewSession2/N2_calibration/WeairePhelan/N2/feature_data.txt,/home/haoyu.wang/ARTC_Database_final/generate_script/NewSession2/N2_calibration/WeairePhelan/WeairePhelan_5_0p5_8_StaCompre_2x2x2/feature_data.txt
simulation,NewSession2,N345_validation,AFCC,AFCC,3,8,,,60,missing,,1,simulation/NewSession2/N345_validation/AFCC/N3/feature_data.txt,/home/haoyu.wang/ARTC_Database_final/generate_script/NewSession2/N345_validation/AFCC/AFCC_5_0p5_8_StaCompre_3x3x3/feature_data.txt
simulation,NewSession2,N345_validation,AFCC,AFCC,4,8,,,60,missing,,1,simulation/NewSession2/N345_validation/AFCC/N4/feature_data.txt,/home/haoyu.wang/ARTC_Database_final/generate_script/NewSession2/N345_validation/AFCC/AFCC_5_0p5_8_StaCompre_4x4x4/feature_data.txt
simulation,NewSession2,N345_validation,AFCC,AFCC,5,8,,,60,missing,,1,simulation/NewSession2/N345_validation/AFCC/N5/feature_data.txt,/home/haoyu.wang/ARTC_Database_final/generate_script/NewSession2/N345_validation/AFCC/AFCC_5_0p5_8_StaCompre_5x5x5/feature_data.txt
simulation,NewSession2,N345_validation,CBCC,CBCC,3,8,,,60,missing,,1,simulation/NewSession2/N345_validation/CBCC/N3/feature_data.txt,/home/haoyu.wang/ARTC_Database_final/generate_script/NewSession2/N345_validation/CBCC/CBCC_5_0p5_8_StaCompre_3x3x3/feature_data.txt
simulation,NewSession2,N345_validation,CBCC,CBCC,4,8,,,60,missing,,1,simulation/NewSession2/N345_validation/CBCC/N4/feature_data.txt,/home/haoyu.wang/ARTC_Database_final/generate_script/NewSession2/N345_validation/CBCC/CBCC_5_0p5_8_StaCompre_4x4x4/feature_data.txt
simulation,NewSession2,N345_validation,CBCC,CBCC,5,8,,,60,missing,,1,simulation/NewSession2/N345_validation/CBCC/N5/feature_data.txt,/home/haoyu.wang/ARTC_Database_final/generate_script/NewSession2/N345_validation/CBCC/CBCC_5_0p5_8_StaCompre_5x5x5/feature_data.txt
simulation,NewSession2,N345_validation,CubicRosette,CubicRosette,3,8,,,60,missing,,1,simulation/NewSession2/N345_validation/CubicRosette/N3/feature_data.txt,/home/haoyu.wang/ARTC_Database_final/generate_script/NewSession2/N345_validation/CubicRosette/CubicRosette_5_0p5_8_StaCompre_3x3x3/feature_data.txt
simulation,NewSession2,N345_validation,CubicRosette,CubicRosette,4,8,,,60,missing,,1,simulation/NewSession2/N345_validation/CubicRosette/N4/feature_data.txt,/home/haoyu.wang/ARTC_Database_final/generate_script/NewSession2/N345_validation/CubicRosette/CubicRosette_5_0p5_8_StaCompre_4x4x4/feature_data.txt
simulation,NewSession2,N345_validation,CubicRosette,CubicRosette,5,8,,,60,missing,,1,simulation/NewSession2/N345_validation/CubicRosette/N5/feature_data.txt,/home/haoyu.wang/ARTC_Database_final/generate_script/NewSession2/N345_validation/CubicRosette/CubicRosette_5_0p5_8_StaCompre_5x5x5/feature_data.txt
simulation,NewSession2,N345_validation,Diamond,Diamond,3,8,,,60,missing,,1,simulation/NewSession2/N345_validation/Diamond/N3/feature_data.txt,/home/haoyu.wang/ARTC_Database_final/generate_script/NewSession2/N345_validation/Diamond/Diamond_5_0p5_8_StaCompre_3x3x3/feature_data.txt
simulation,NewSession2,N345_validation,Diamond,Diamond,4,8,,,60,missing,,1,simulation/NewSession2/N345_validation/Diamond/N4/feature_data.txt,/home/haoyu.wang/ARTC_Database_final/generate_script/NewSession2/N345_validation/Diamond/Diamond_5_0p5_8_StaCompre_4x4x4/feature_data.txt
simulation,NewSession2,N345_validation,Diamond,Diamond,5,8,,,60,missing,,1,simulation/NewSession2/N345_validation/Diamond/N5/feature_data.txt,/home/haoyu.wang/ARTC_Database_final/generate_script/NewSession2/N345_validation/Diamond/Diamond_5_0p5_8_StaCompre_5x5x5/feature_data.txt
simulation,NewSession2,N345_validation,Truncated_Octoctahedron,Truncated_Octoctahedron,3,8,,,60,missing,,1,simulation/NewSession2/N345_validation/Truncated_Octoctahedron/N3/feature_data.txt,/home/haoyu.wang/ARTC_Database_final/generate_script/NewSession2/N345_validation/Truncated_Octoctahedron/Truncated_Octoctahedron_5_0p5_8_StaCompre_3x3x3/feature_data.txt
simulation,NewSession2,N345_validation,Truncated_Octoctahedron,Truncated_Octoctahedron,4,8,,,60,missing,,1,simulation/NewSession2/N345_validation/Truncated_Octoctahedron/N4/feature_data.txt,/home/haoyu.wang/ARTC_Database_final/generate_script/NewSession2/N345_validation/Truncated_Octoctahedron/Truncated_Octoctahedron_5_0p5_8_StaCompre_4x4x4/feature_data.txt
simulation,NewSession2,N345_validation,Truncated_Octoctahedron,Truncated_Octoctahedron,5,8,,,60,missing,,1,simulation/NewSession2/N345_validation/Truncated_Octoctahedron/N5/feature_data.txt,/home/haoyu.wang/ARTC_Database_final/generate_script/NewSession2/N345_validation/Truncated_Octoctahedron/Truncated_Octoctahedron_5_0p5_8_StaCompre_5x5x5/feature_data.txt
simulation,NewSession2,N345_validation,Truncated_cube,Truncated_cube,3,8,,,60,missing,,1,simulation/NewSession2/N345_validation/Truncated_cube/N3/feature_data.txt,/home/haoyu.wang/ARTC_Database_final/generate_script/NewSession2/N345_validation/Truncated_cube/Truncated_cube_5_0p5_8_StaCompre_3x3x3/feature_data.txt
simulation,NewSession2,N345_validation,Truncated_cube,Truncated_cube,4,8,,,60,missing,,1,simulation/NewSession2/N345_validation/Truncated_cube/N4/feature_data.txt,/home/haoyu.wang/ARTC_Database_final/generate_script/NewSession2/N345_validation/Truncated_cube/Truncated_cube_5_0p5_8_StaCompre_4x4x4/feature_data.txt
simulation,NewSession2,N345_validation,Truncated_cube,Truncated_cube,5,8,,,60,missing,,1,simulation/NewSession2/N345_validation/Truncated_cube/N5/feature_data.txt,/home/haoyu.wang/ARTC_Database_final/generate_script/NewSession2/N345_validation/Truncated_cube/Truncated_cube_5_0p5_8_StaCompre_5x5x5/feature_data.txt
simulation,NewSession2,original_6,Auxetic,Auxetic,1,8,,,60,successful,0.212028656297,1,simulation/NewSession2/original_6/Auxetic/N1/feature_data.txt,/home/haoyu.wang/ARTC_Database_final/generate_script/NewSession2/Auxetic/Auxetic_5_0p5_8_StaCompre_1x1x1/feature_data.txt
simulation,NewSession2,original_6,Auxetic,Auxetic,2,8,,,60,successful,0.21241804993,1,simulation/NewSession2/original_6/Auxetic/N2/feature_data.txt,/home/haoyu.wang/ARTC_Database_final/generate_script/NewSession2/Auxetic/Auxetic_5_0p5_8_StaCompre_2x2x2/feature_data.txt
simulation,NewSession2,original_6,Auxetic,Auxetic,3,8,,,60,successful,0.212417620929,1,simulation/NewSession2/original_6/Auxetic/N3/feature_data.txt,/home/haoyu.wang/ARTC_Database_final/generate_script/NewSession2/Auxetic/Auxetic_5_0p5_8_StaCompre_3x3x3/feature_data.txt
simulation,NewSession2,original_6,Auxetic,Auxetic,4,8,,,60,successful,0.212417868827,1,simulation/NewSession2/original_6/Auxetic/N4/feature_data.txt,/home/haoyu.wang/ARTC_Database_final/generate_script/NewSession2/Auxetic/Auxetic_5_0p5_8_StaCompre_4x4x4/feature_data.txt
simulation,NewSession2,original_6,Auxetic,Auxetic,5,8,,,60,successful,0.212418887737,1,simulation/NewSession2/original_6/Auxetic/N5/feature_data.txt,/home/haoyu.wang/ARTC_Database_final/generate_script/NewSession2/Auxetic/Auxetic_5_0p5_8_StaCompre_5x5x5/feature_data.txt
simulation,NewSession2,original_6,BCC,BCC,1,8,,,60,successful,0.178464631379,1,simulation/NewSession2/original_6/BCC/N1/feature_data.txt,/home/haoyu.wang/ARTC_Database_final/generate_script/NewSession2/BCC/BCC_5_0p5_8_StaCompre_1x1x1/feature_data.txt
simulation,NewSession2,original_6,BCC,BCC,2,8,,,60,successful,0.178463988608,1,simulation/NewSession2/original_6/BCC/N2/feature_data.txt,/home/haoyu.wang/ARTC_Database_final/generate_script/NewSession2/BCC/BCC_5_0p5_8_StaCompre_2x2x2/feature_data.txt
simulation,NewSession2,original_6,BCC,BCC,3,8,,,60,successful,0.178464057585,1,simulation/NewSession2/original_6/BCC/N3/feature_data.txt,/home/haoyu.wang/ARTC_Database_final/generate_script/NewSession2/BCC/BCC_5_0p5_8_StaCompre_3x3x3/feature_data.txt
simulation,NewSession2,original_6,BCC,BCC,4,8,,,60,successful,0.178464066746,1,simulation/NewSession2/original_6/BCC/N4/feature_data.txt,/home/haoyu.wang/ARTC_Database_final/generate_script/NewSession2/BCC/BCC_5_0p5_8_StaCompre_4x4x4/feature_data.txt
simulation,NewSession2,original_6,BCC,BCC,5,8,,,60,successful,0.178464068021,1,simulation/NewSession2/original_6/BCC/N5/feature_data.txt,/home/haoyu.wang/ARTC_Database_final/generate_script/NewSession2/BCC/BCC_5_0p5_8_StaCompre_5x5x5/feature_data.txt
simulation,NewSession2,original_6,FCC,FCC,1,8,,,60,successful,0.14644263989,1,simulation/NewSession2/original_6/FCC/N1/feature_data.txt,/home/haoyu.wang/ARTC_Database_final/generate_script/NewSession2/FCC/FCC_5_0p5_8_StaCompre_1x1x1/feature_data.txt
simulation,NewSession2,original_6,FCC,FCC,2,8,,,60,successful,0.146443652579,1,simulation/NewSession2/original_6/FCC/N2/feature_data.txt,/home/haoyu.wang/ARTC_Database_final/generate_script/NewSession2/FCC/FCC_5_0p5_8_StaCompre_2x2x2/feature_data.txt
simulation,NewSession2,original_6,FCC,FCC,3,8,,,60,successful,0.146444064246,1,simulation/NewSession2/original_6/FCC/N3/feature_data.txt,/home/haoyu.wang/ARTC_Database_final/generate_script/NewSession2/FCC/FCC_5_0p5_8_StaCompre_3x3x3/feature_data.txt
simulation,NewSession2,original_6,FCC,FCC,4,8,,,60,successful,0.146442841331,1,simulation/NewSession2/original_6/FCC/N4/feature_data.txt,/home/haoyu.wang/ARTC_Database_final/generate_script/NewSession2/FCC/FCC_5_0p5_8_StaCompre_4x4x4/feature_data.txt
simulation,NewSession2,original_6,FCC,FCC,5,8,,,60,successful,0.146444551528,1,simulation/NewSession2/original_6/FCC/N5/feature_data.txt,/home/haoyu.wang/ARTC_Database_final/generate_script/NewSession2/FCC/FCC_5_0p5_8_StaCompre_5x5x5/feature_data.txt
simulation,NewSession2,original_6,FCCZ,FCCZ,1,8,,,60,successful,0.165630164123,1,simulation/NewSession2/original_6/FCCZ/N1/feature_data.txt,/home/haoyu.wang/ARTC_Database_final/generate_script/NewSession2/FCCZ/FCCZ_5_0p5_8_StaCompre_1x1x1/feature_data.txt
simulation,NewSession2,original_6,FCCZ,FCCZ,2,8,,,60,successful,0.165631061665,1,simulation/NewSession2/original_6/FCCZ/N2/feature_data.txt,/home/haoyu.wang/ARTC_Database_final/generate_script/NewSession2/FCCZ/FCCZ_5_0p5_8_StaCompre_2x2x2/feature_data.txt
simulation,NewSession2,original_6,FCCZ,FCCZ,3,8,,,60,successful,0.165631794691,1,simulation/NewSession2/original_6/FCCZ/N3/feature_data.txt,/home/haoyu.wang/ARTC_Database_final/generate_script/NewSession2/FCCZ/FCCZ_5_0p5_8_StaCompre_3x3x3/feature_data.txt
simulation,NewSession2,original_6,FCCZ,FCCZ,4,8,,,60,successful,0.165631669262,1,simulation/NewSession2/original_6/FCCZ/N4/feature_data.txt,/home/haoyu.wang/ARTC_Database_final/generate_script/NewSession2/FCCZ/FCCZ_5_0p5_8_StaCompre_4x4x4/feature_data.txt
simulation,NewSession2,original_6,FCCZ,FCCZ,5,8,,,60,successful,0.165631961967,1,simulation/NewSession2/original_6/FCCZ/N5/feature_data.txt,/home/haoyu.wang/ARTC_Database_final/generate_script/NewSession2/FCCZ/FCCZ_5_0p5_8_StaCompre_5x5x5/feature_data.txt
simulation,NewSession2,original_6,Kelvin,Kelvin,1,8,,,60,successful,0.206645203828,1,simulation/NewSession2/original_6/Kelvin/N1/feature_data.txt,/home/haoyu.wang/ARTC_Database_final/generate_script/NewSession2/Kelvin/Kelvin_5_0p5_8_StaCompre_1x1x1/feature_data.txt
simulation,NewSession2,original_6,Kelvin,Kelvin,2,8,,,60,successful,0.206646090521,1,simulation/NewSession2/original_6/Kelvin/N2/feature_data.txt,/home/haoyu.wang/ARTC_Database_final/generate_script/NewSession2/Kelvin/Kelvin_5_0p5_8_StaCompre_2x2x2/feature_data.txt
simulation,NewSession2,original_6,Kelvin,Kelvin,3,8,,,60,successful,0.206648808365,1,simulation/NewSession2/original_6/Kelvin/N3/feature_data.txt,/home/haoyu.wang/ARTC_Database_final/generate_script/NewSession2/Kelvin/Kelvin_5_0p5_8_StaCompre_3x3x3/feature_data.txt
simulation,NewSession2,original_6,Kelvin,Kelvin,4,8,,,60,successful,0.206649059413,1,simulation/NewSession2/original_6/Kelvin/N4/feature_data.txt,/home/haoyu.wang/ARTC_Database_final/generate_script/NewSession2/Kelvin/Kelvin_5_0p5_8_StaCompre_4x4x4/feature_data.txt
simulation,NewSession2,original_6,Kelvin,Kelvin,5,8,,,60,successful,0.206649973729,1,simulation/NewSession2/original_6/Kelvin/N5/feature_data.txt,/home/haoyu.wang/ARTC_Database_final/generate_script/NewSession2/Kelvin/Kelvin_5_0p5_8_StaCompre_5x5x5/feature_data.txt
simulation,NewSession2,original_6,Octet_truss,Octet_truss,1,8,,,60,successful,0.378635912711,1,simulation/NewSession2/original_6/Octet_truss/N1/feature_data.txt,/home/haoyu.wang/ARTC_Database_final/generate_script/NewSession2/Octet_truss/Octet_truss_5_0p5_8_StaCompre_1x1x1/feature_data.txt
simulation,NewSession2,original_6,Octet_truss,Octet_truss,2,8,,,60,successful,0.378637733241,1,simulation/NewSession2/original_6/Octet_truss/N2/feature_data.txt,/home/haoyu.wang/ARTC_Database_final/generate_script/NewSession2/Octet_truss/Octet_truss_5_0p5_8_StaCompre_2x2x2/feature_data.txt
simulation,NewSession2,original_6,Octet_truss,Octet_truss,3,8,,,60,successful,0.378638096329,1,simulation/NewSession2/original_6/Octet_truss/N3/feature_data.txt,/home/haoyu.wang/ARTC_Database_final/generate_script/NewSession2/Octet_truss/Octet_truss_5_0p5_8_StaCompre_3x3x3/feature_data.txt
simulation,NewSession2,original_6,Octet_truss,Octet_truss,4,8,,,60,successful,0.378639733906,1,simulation/NewSession2/original_6/Octet_truss/N4/feature_data.txt,/home/haoyu.wang/ARTC_Database_final/generate_script/NewSession2/Octet_truss/Octet_truss_5_0p5_8_StaCompre_4x4x4/feature_data.txt
simulation,NewSession2,original_6,Octet_truss,Octet_truss,5,8,,,60,successful,0.378640631818,1,simulation/NewSession2/original_6/Octet_truss/N5/feature_data.txt,/home/haoyu.wang/ARTC_Database_final/generate_script/NewSession2/Octet_truss/Octet_truss_5_0p5_8_StaCompre_5x5x5/feature_data.txt
simulation,NewSession2,size_effect_batch,AFCC,AFCC,1,8,,,60,successful,0.211945743542,1,simulation/NewSession2/size_effect_batch/AFCC/N1/feature_data.txt,/home/haoyu.wang/ARTC_Database_final/generate_script/NewSession2/size_effect_batch/AFCC/AFCC_5_0p5_8_StaCompre_1x1x1/feature_data.txt
simulation,NewSession2,size_effect_batch,AFCC,AFCC,2,8,,,60,successful,0.211945834354,1,simulation/NewSession2/size_effect_batch/AFCC/N2/feature_data.txt,/home/haoyu.wang/ARTC_Database_final/generate_script/NewSession2/size_effect_batch/AFCC/AFCC_5_0p5_8_StaCompre_2x2x2/feature_data.txt
simulation,NewSession2,size_effect_batch,AFCC,AFCC,3,8,,,60,missing,,1,simulation/NewSession2/size_effect_batch/AFCC/N3/feature_data.txt,/home/haoyu.wang/ARTC_Database_final/generate_script/NewSession2/size_effect_batch/AFCC/AFCC_5_0p5_8_StaCompre_3x3x3/feature_data.txt
simulation,NewSession2,size_effect_batch,AFCC,AFCC,4,8,,,60,missing,,1,simulation/NewSession2/size_effect_batch/AFCC/N4/feature_data.txt,/home/haoyu.wang/ARTC_Database_final/generate_script/NewSession2/size_effect_batch/AFCC/AFCC_5_0p5_8_StaCompre_4x4x4/feature_data.txt
simulation,NewSession2,size_effect_batch,AFCC,AFCC,5,8,,,60,missing,,1,simulation/NewSession2/size_effect_batch/AFCC/N5/feature_data.txt,/home/haoyu.wang/ARTC_Database_final/generate_script/NewSession2/size_effect_batch/AFCC/AFCC_5_0p5_8_StaCompre_5x5x5/feature_data.txt
simulation,NewSession2,size_effect_batch,BCC,BCC,4,8,,,60,successful,0.178464066746,1,simulation/NewSession2/size_effect_batch/BCC/N4/feature_data.txt,/home/haoyu.wang/ARTC_Database_final/generate_script/NewSession2/size_effect_batch/BCC/BCC_5_0p5_8_StaCompre_4x4x4/feature_data.txt
simulation,NewSession2,size_effect_batch,BCC,BCC,5,8,,,60,missing,,1,simulation/NewSession2/size_effect_batch/BCC/N5/feature_data.txt,/home/haoyu.wang/ARTC_Database_final/generate_script/NewSession2/size_effect_batch/BCC/BCC_5_0p5_8_StaCompre_5x5x5/feature_data.txt
simulation,NewSession2,size_effect_batch,BCCZ,BCCZ,1,8,,,60,successful,0.199889215902,1,simulation/NewSession2/size_effect_batch/BCCZ/N1/feature_data.txt,/home/haoyu.wang/ARTC_Database_final/generate_script/NewSession2/size_effect_batch/BCCZ/BCCZ_5_0p5_8_StaCompre_1x1x1/feature_data.txt
simulation,NewSession2,size_effect_batch,BCCZ,BCCZ,2,8,,,60,missing,,1,simulation/NewSession2/size_effect_batch/BCCZ/N2/feature_data.txt,/home/haoyu.wang/ARTC_Database_final/generate_script/NewSession2/size_effect_batch/BCCZ/BCCZ_5_0p5_8_StaCompre_2x2x2/feature_data.txt
simulation,NewSession2,size_effect_batch,BCCZ,BCCZ,3,8,,,60,missing,,1,simulation/NewSession2/size_effect_batch/BCCZ/N3/feature_data.txt,/home/haoyu.wang/ARTC_Database_final/generate_script/NewSession2/size_effect_batch/BCCZ/BCCZ_5_0p5_8_StaCompre_3x3x3/feature_data.txt
simulation,NewSession2,size_effect_batch,BCCZ,BCCZ,4,8,,,60,missing,,1,simulation/NewSession2/size_effect_batch/BCCZ/N4/feature_data.txt,/home/haoyu.wang/ARTC_Database_final/generate_script/NewSession2/size_effect_batch/BCCZ/BCCZ_5_0p5_8_StaCompre_4x4x4/feature_data.txt
simulation,NewSession2,size_effect_batch,BCCZ,BCCZ,5,8,,,60,missing,,1,simulation/NewSession2/size_effect_batch/BCCZ/N5/feature_data.txt,/home/haoyu.wang/ARTC_Database_final/generate_script/NewSession2/size_effect_batch/BCCZ/BCCZ_5_0p5_8_StaCompre_5x5x5/feature_data.txt
simulation,NewSession2,size_effect_batch,CBCC,CBCC,1,8,,,60,successful,0.242738628759,1,simulation/NewSession2/size_effect_batch/CBCC/N1/feature_data.txt,/home/haoyu.wang/ARTC_Database_final/generate_script/NewSession2/size_effect_batch/CBCC/CBCC_5_0p5_8_StaCompre_1x1x1/feature_data.txt
simulation,NewSession2,size_effect_batch,CBCC,CBCC,2,8,,,60,successful,0.242738628759,1,simulation/NewSession2/size_effect_batch/CBCC/N2/feature_data.txt,/home/haoyu.wang/ARTC_Database_final/generate_script/NewSession2/size_effect_batch/CBCC/CBCC_5_0p5_8_StaCompre_2x2x2/feature_data.txt
simulation,NewSession2,size_effect_batch,CBCC,CBCC,3,8,,,60,missing,,1,simulation/NewSession2/size_effect_batch/CBCC/N3/feature_data.txt,/home/haoyu.wang/ARTC_Database_final/generate_script/NewSession2/size_effect_batch/CBCC/CBCC_5_0p5_8_StaCompre_3x3x3/feature_data.txt
simulation,NewSession2,size_effect_batch,CBCC,CBCC,4,8,,,60,missing,,1,simulation/NewSession2/size_effect_batch/CBCC/N4/feature_data.txt,/home/haoyu.wang/ARTC_Database_final/generate_script/NewSession2/size_effect_batch/CBCC/CBCC_5_0p5_8_StaCompre_4x4x4/feature_data.txt
simulation,NewSession2,size_effect_batch,CBCC,CBCC,5,8,,,60,missing,,1,simulation/NewSession2/size_effect_batch/CBCC/N5/feature_data.txt,/home/haoyu.wang/ARTC_Database_final/generate_script/NewSession2/size_effect_batch/CBCC/CBCC_5_0p5_8_StaCompre_5x5x5/feature_data.txt
simulation,NewSession2,size_effect_batch,Cubic,Cubic,1,8,,,60,successful,0.0829341904102,1,simulation/NewSession2/size_effect_batch/Cubic/N1/feature_data.txt,/home/haoyu.wang/ARTC_Database_final/generate_script/NewSession2/size_effect_batch/Cubic/Cubic_5_0p5_8_StaCompre_1x1x1/feature_data.txt
simulation,NewSession2,size_effect_batch,Cubic,Cubic,2,8,,,60,successful,0.0829354706001,1,simulation/NewSession2/size_effect_batch/Cubic/N2/feature_data.txt,/home/haoyu.wang/ARTC_Database_final/generate_script/NewSession2/size_effect_batch/Cubic/Cubic_5_0p5_8_StaCompre_2x2x2/feature_data.txt
simulation,NewSession2,size_effect_batch,Cubic,Cubic,3,8,,,60,successful,0.0829358190719,1,simulation/NewSession2/size_effect_batch/Cubic/N3/feature_data.txt,/home/haoyu.wang/ARTC_Database_final/generate_script/NewSession2/size_effect_batch/Cubic/Cubic_5_0p5_8_StaCompre_3x3x3/feature_data.txt
simulation,NewSession2,size_effect_batch,Cubic,Cubic,4,8,,,60,missing,,1,simulation/NewSession2/size_effect_batch/Cubic/N4/feature_data.txt,/home/haoyu.wang/ARTC_Database_final/generate_script/NewSession2/size_effect_batch/Cubic/Cubic_5_0p5_8_StaCompre_4x4x4/feature_data.txt
simulation,NewSession2,size_effect_batch,Cubic,Cubic,5,8,,,60,missing,,1,simulation/NewSession2/size_effect_batch/Cubic/N5/feature_data.txt,/home/haoyu.wang/ARTC_Database_final/generate_script/NewSession2/size_effect_batch/Cubic/Cubic_5_0p5_8_StaCompre_5x5x5/feature_data.txt
simulation,NewSession2,size_effect_batch,CubicRosette,CubicRosette,1,8,,,60,successful,0.20475428866,1,simulation/NewSession2/size_effect_batch/CubicRosette/N1/feature_data.txt,/home/haoyu.wang/ARTC_Database_final/generate_script/NewSession2/size_effect_batch/CubicRosette/CubicRosette_5_0p5_8_StaCompre_1x1x1/feature_data.txt
simulation,NewSession2,size_effect_batch,CubicRosette,CubicRosette,2,8,,,60,successful,0.204754713353,1,simulation/NewSession2/size_effect_batch/CubicRosette/N2/feature_data.txt,/home/haoyu.wang/ARTC_Database_final/generate_script/NewSession2/size_effect_batch/CubicRosette/CubicRosette_5_0p5_8_StaCompre_2x2x2/feature_data.txt
simulation,NewSession2,size_effect_batch,CubicRosette,CubicRosette,3,8,,,60,missing,,1,simulation/NewSession2/size_effect_batch/CubicRosette/N3/feature_data.txt,/home/haoyu.wang/ARTC_Database_final/generate_script/NewSession2/size_effect_batch/CubicRosette/CubicRosette_5_0p5_8_StaCompre_3x3x3/feature_data.txt
simulation,NewSession2,size_effect_batch,CubicRosette,CubicRosette,4,8,,,60,missing,,1,simulation/NewSession2/size_effect_batch/CubicRosette/N4/feature_data.txt,/home/haoyu.wang/ARTC_Database_final/generate_script/NewSession2/size_effect_batch/CubicRosette/CubicRosette_5_0p5_8_StaCompre_4x4x4/feature_data.txt
simulation,NewSession2,size_effect_batch,CubicRosette,CubicRosette,5,8,,,60,missing,,1,simulation/NewSession2/size_effect_batch/CubicRosette/N5/feature_data.txt,/home/haoyu.wang/ARTC_Database_final/generate_script/NewSession2/size_effect_batch/CubicRosette/CubicRosette_5_0p5_8_StaCompre_5x5x5/feature_data.txt
simulation,NewSession2,size_effect_batch,Cuboctahedron_Z,Cuboctahedron_Z,1,8,,,60,successful,0.397823516239,1,simulation/NewSession2/size_effect_batch/Cuboctahedron_Z/N1/feature_data.txt,/home/haoyu.wang/ARTC_Database_final/generate_script/NewSession2/size_effect_batch/Cuboctahedron_Z/Cuboctahedron_Z_5_0p5_8_StaCompre_1x1x1/feature_data.txt
simulation,NewSession2,size_effect_batch,Cuboctahedron_Z,Cuboctahedron_Z,2,8,,,60,successful,0.397823440506,1,simulation/NewSession2/size_effect_batch/Cuboctahedron_Z/N2/feature_data.txt,/home/haoyu.wang/ARTC_Database_final/generate_script/NewSession2/size_effect_batch/Cuboctahedron_Z/Cuboctahedron_Z_5_0p5_8_StaCompre_2x2x2/feature_data.txt
simulation,NewSession2,size_effect_batch,Cuboctahedron_Z,Cuboctahedron_Z,3,8,,,60,missing,,1,simulation/NewSession2/size_effect_batch/Cuboctahedron_Z/N3/feature_data.txt,/home/haoyu.wang/ARTC_Database_final/generate_script/NewSession2/size_effect_batch/Cuboctahedron_Z/Cuboctahedron_Z_5_0p5_8_StaCompre_3x3x3/feature_data.txt
simulation,NewSession2,size_effect_batch,Cuboctahedron_Z,Cuboctahedron_Z,4,8,,,60,missing,,1,simulation/NewSession2/size_effect_batch/Cuboctahedron_Z/N4/feature_data.txt,/home/haoyu.wang/ARTC_Database_final/generate_script/NewSession2/size_effect_batch/Cuboctahedron_Z/Cuboctahedron_Z_5_0p5_8_StaCompre_4x4x4/feature_data.txt
simulation,NewSession2,size_effect_batch,Cuboctahedron_Z,Cuboctahedron_Z,5,8,,,60,missing,,1,simulation/NewSession2/size_effect_batch/Cuboctahedron_Z/N5/feature_data.txt,/home/haoyu.wang/ARTC_Database_final/generate_script/NewSession2/size_effect_batch/Cuboctahedron_Z/Cuboctahedron_Z_5_0p5_8_StaCompre_5x5x5/feature_data.txt
simulation,NewSession2,size_effect_batch,Diamond,Diamond,1,8,,,60,successful,0.113972789437,1,simulation/NewSession2/size_effect_batch/Diamond/N1/feature_data.txt,/home/haoyu.wang/ARTC_Database_final/generate_script/NewSession2/size_effect_batch/Diamond/Diamond_5_0p5_8_StaCompre_1x1x1/feature_data.txt
simulation,NewSession2,size_effect_batch,Diamond,Diamond,2,8,,,60,successful,0.165338111023,1,simulation/NewSession2/size_effect_batch/Diamond/N2/feature_data.txt,/home/haoyu.wang/ARTC_Database_final/generate_script/NewSession2/size_effect_batch/Diamond/Diamond_5_0p5_8_StaCompre_2x2x2/feature_data.txt
simulation,NewSession2,size_effect_batch,Diamond,Diamond,3,8,,,60,successful,0.181269756435,1,simulation/NewSession2/size_effect_batch/Diamond/N3/feature_data.txt,/home/haoyu.wang/ARTC_Database_final/generate_script/NewSession2/size_effect_batch/Diamond/Diamond_5_0p5_8_StaCompre_3x3x3/feature_data.txt
simulation,NewSession2,size_effect_batch,Diamond,Diamond,4,8,,,60,missing,,1,simulation/NewSession2/size_effect_batch/Diamond/N4/feature_data.txt,/home/haoyu.wang/ARTC_Database_final/generate_script/NewSession2/size_effect_batch/Diamond/Diamond_5_0p5_8_StaCompre_4x4x4/feature_data.txt
simulation,NewSession2,size_effect_batch,Diamond,Diamond,5,8,,,60,missing,,1,simulation/NewSession2/size_effect_batch/Diamond/N5/feature_data.txt,/home/haoyu.wang/ARTC_Database_final/generate_script/NewSession2/size_effect_batch/Diamond/Diamond_5_0p5_8_StaCompre_5x5x5/feature_data.txt
simulation,NewSession2,size_effect_batch,DiamondPlus,DiamondPlus,1,8,,,60,successful,0.183813935358,1,simulation/NewSession2/size_effect_batch/DiamondPlus/N1/feature_data.txt,/home/haoyu.wang/ARTC_Database_final/generate_script/NewSession2/size_effect_batch/DiamondPlus/DiamondPlus_5_0p5_8_StaCompre_1x1x1/feature_data.txt
simulation,NewSession2,size_effect_batch,DiamondPlus,DiamondPlus,2,8,,,60,successful,0.234665964195,1,simulation/NewSession2/size_effect_batch/DiamondPlus/N2/feature_data.txt,/home/haoyu.wang/ARTC_Database_final/generate_script/NewSession2/size_effect_batch/DiamondPlus/DiamondPlus_5_0p5_8_StaCompre_2x2x2/feature_data.txt
simulation,NewSession2,size_effect_batch,DiamondPlus,DiamondPlus,3,8,,,60,missing,,1,simulation/NewSession2/size_effect_batch/DiamondPlus/N3/feature_data.txt,/home/haoyu.wang/ARTC_Database_final/generate_script/NewSession2/size_effect_batch/DiamondPlus/DiamondPlus_5_0p5_8_StaCompre_3x3x3/feature_data.txt
simulation,NewSession2,size_effect_batch,DiamondPlus,DiamondPlus,4,8,,,60,missing,,1,simulation/NewSession2/size_effect_batch/DiamondPlus/N4/feature_data.txt,/home/haoyu.wang/ARTC_Database_final/generate_script/NewSession2/size_effect_batch/DiamondPlus/DiamondPlus_5_0p5_8_StaCompre_4x4x4/feature_data.txt
simulation,NewSession2,size_effect_batch,DiamondPlus,DiamondPlus,5,8,,,60,missing,,1,simulation/NewSession2/size_effect_batch/DiamondPlus/N5/feature_data.txt,/home/haoyu.wang/ARTC_Database_final/generate_script/NewSession2/size_effect_batch/DiamondPlus/DiamondPlus_5_0p5_8_StaCompre_5x5x5/feature_data.txt
simulation,NewSession2,size_effect_batch,FBCCXYZ,FBCCXYZ,1,8,,,60,successful,0.407907469984,1,simulation/NewSession2/size_effect_batch/FBCCXYZ/N1/feature_data.txt,/home/haoyu.wang/ARTC_Database_final/generate_script/NewSession2/size_effect_batch/FBCCXYZ/FBCCXYZ_5_0p5_8_StaCompre_1x1x1/feature_data.txt
simulation,NewSession2,size_effect_batch,FBCCXYZ,FBCCXYZ,2,8,,,60,successful,0.407908358757,1,simulation/NewSession2/size_effect_batch/FBCCXYZ/N2/feature_data.txt,/home/haoyu.wang/ARTC_Database_final/generate_script/NewSession2/size_effect_batch/FBCCXYZ/FBCCXYZ_5_0p5_8_StaCompre_2x2x2/feature_data.txt
simulation,NewSession2,size_effect_batch,FBCCXYZ,FBCCXYZ,3,8,,,60,successful,0.407908523957,1,simulation/NewSession2/size_effect_batch/FBCCXYZ/N3/feature_data.txt,/home/haoyu.wang/ARTC_Database_final/generate_script/NewSession2/size_effect_batch/FBCCXYZ/FBCCXYZ_5_0p5_8_StaCompre_3x3x3/feature_data.txt
simulation,NewSession2,size_effect_batch,FBCCXYZ,FBCCXYZ,4,8,,,60,missing,,1,simulation/NewSession2/size_effect_batch/FBCCXYZ/N4/feature_data.txt,/home/haoyu.wang/ARTC_Database_final/generate_script/NewSession2/size_effect_batch/FBCCXYZ/FBCCXYZ_5_0p5_8_StaCompre_4x4x4/feature_data.txt
simulation,NewSession2,size_effect_batch,FBCCXYZ,FBCCXYZ,5,8,,,60,missing,,1,simulation/NewSession2/size_effect_batch/FBCCXYZ/N5/feature_data.txt,/home/haoyu.wang/ARTC_Database_final/generate_script/NewSession2/size_effect_batch/FBCCXYZ/FBCCXYZ_5_0p5_8_StaCompre_5x5x5/feature_data.txt
simulation,NewSession2,size_effect_batch,FBCCZ,FBCCZ,1,8,,,60,successful,0.267205185688,1,simulation/NewSession2/size_effect_batch/FBCCZ/N1/feature_data.txt,/home/haoyu.wang/ARTC_Database_final/generate_script/NewSession2/size_effect_batch/FBCCZ/FBCCZ_5_0p5_8_StaCompre_1x1x1/feature_data.txt
simulation,NewSession2,size_effect_batch,FBCCZ,FBCCZ,2,8,,,60,successful,0.267208423347,1,simulation/NewSession2/size_effect_batch/FBCCZ/N2/feature_data.txt,/home/haoyu.wang/ARTC_Database_final/generate_script/NewSession2/size_effect_batch/FBCCZ/FBCCZ_5_0p5_8_StaCompre_2x2x2/feature_data.txt
simulation,NewSession2,size_effect_batch,FBCCZ,FBCCZ,3,8,,,60,successful,0.267210040396,1,simulation/NewSession2/size_effect_batch/FBCCZ/N3/feature_data.txt,/home/haoyu.wang/ARTC_Database_final/generate_script/NewSession2/size_effect_batch/FBCCZ/FBCCZ_5_0p5_8_StaCompre_3x3x3/feature_data.txt
simulation,NewSession2,size_effect_batch,FBCCZ,FBCCZ,4,8,,,60,missing,,1,simulation/NewSession2/size_effect_batch/FBCCZ/N4/feature_data.txt,/home/haoyu.wang/ARTC_Database_final/generate_script/NewSession2/size_effect_batch/FBCCZ/FBCCZ_5_0p5_8_StaCompre_4x4x4/feature_data.txt
simulation,NewSession2,size_effect_batch,FBCCZ,FBCCZ,5,8,,,60,missing,,1,simulation/NewSession2/size_effect_batch/FBCCZ/N5/feature_data.txt,/home/haoyu.wang/ARTC_Database_final/generate_script/NewSession2/size_effect_batch/FBCCZ/FBCCZ_5_0p5_8_StaCompre_5x5x5/feature_data.txt
simulation,NewSession2,size_effect_batch,FCCZ,FCCZ,3,8,,,60,missing,,1,simulation/NewSession2/size_effect_batch/FCCZ/N3/feature_data.txt,/home/haoyu.wang/ARTC_Database_final/generate_script/NewSession2/size_effect_batch/FCCZ/FCCZ_5_0p5_8_StaCompre_3x3x3/feature_data.txt
simulation,NewSession2,size_effect_batch,FCCZ,FCCZ,4,8,,,60,missing,,1,simulation/NewSession2/size_effect_batch/FCCZ/N4/feature_data.txt,/home/haoyu.wang/ARTC_Database_final/generate_script/NewSession2/size_effect_batch/FCCZ/FCCZ_5_0p5_8_StaCompre_4x4x4/feature_data.txt
simulation,NewSession2,size_effect_batch,FCCZ,FCCZ,5,8,,,60,missing,,1,simulation/NewSession2/size_effect_batch/FCCZ/N5/feature_data.txt,/home/haoyu.wang/ARTC_Database_final/generate_script/NewSession2/size_effect_batch/FCCZ/FCCZ_5_0p5_8_StaCompre_5x5x5/feature_data.txt
simulation,NewSession2,size_effect_batch,G7,G7,1,8,,,60,missing,,1,simulation/NewSession2/size_effect_batch/G7/N1/feature_data.txt,/home/haoyu.wang/ARTC_Database_final/generate_script/NewSession2/size_effect_batch/G7/G7_5_0p5_8_StaCompre_1x1x1/feature_data.txt
simulation,NewSession2,size_effect_batch,G7,G7,2,8,,,60,successful,0.221313400192,1,simulation/NewSession2/size_effect_batch/G7/N2/feature_data.txt,/home/haoyu.wang/ARTC_Database_final/generate_script/NewSession2/size_effect_batch/G7/G7_5_0p5_8_StaCompre_2x2x2/feature_data.txt
simulation,NewSession2,size_effect_batch,G7,G7,3,8,,,60,successful,0.221312843895,1,simulation/NewSession2/size_effect_batch/G7/N3/feature_data.txt,/home/haoyu.wang/ARTC_Database_final/generate_script/NewSession2/size_effect_batch/G7/G7_5_0p5_8_StaCompre_3x3x3/feature_data.txt
simulation,NewSession2,size_effect_batch,G7,G7,4,8,,,60,missing,,1,simulation/NewSession2/size_effect_batch/G7/N4/feature_data.txt,/home/haoyu.wang/ARTC_Database_final/generate_script/NewSession2/size_effect_batch/G7/G7_5_0p5_8_StaCompre_4x4x4/feature_data.txt
simulation,NewSession2,size_effect_batch,G7,G7,5,8,,,60,missing,,1,simulation/NewSession2/size_effect_batch/G7/N5/feature_data.txt,/home/haoyu.wang/ARTC_Database_final/generate_script/NewSession2/size_effect_batch/G7/G7_5_0p5_8_StaCompre_5x5x5/feature_data.txt
simulation,NewSession2,size_effect_batch,Iso_truss,Iso_truss,1,8,,,60,missing,,1,simulation/NewSession2/size_effect_batch/Iso_truss/N1/feature_data.txt,/home/haoyu.wang/ARTC_Database_final/generate_script/NewSession2/size_effect_batch/Iso_truss/Iso_truss_5_0p5_8_StaCompre_1x1x1/feature_data.txt
simulation,NewSession2,size_effect_batch,Iso_truss,Iso_truss,2,8,,,60,successful,0.307013136378,1,simulation/NewSession2/size_effect_batch/Iso_truss/N2/feature_data.txt,/home/haoyu.wang/ARTC_Database_final/generate_script/NewSession2/size_effect_batch/Iso_truss/Iso_truss_5_0p5_8_StaCompre_2x2x2/feature_data.txt
simulation,NewSession2,size_effect_batch,Iso_truss,Iso_truss,3,8,,,60,missing,,1,simulation/NewSession2/size_effect_batch/Iso_truss/N3/feature_data.txt,/home/haoyu.wang/ARTC_Database_final/generate_script/NewSession2/size_effect_batch/Iso_truss/Iso_truss_5_0p5_8_StaCompre_3x3x3/feature_data.txt
simulation,NewSession2,size_effect_batch,Iso_truss,Iso_truss,4,8,,,60,missing,,1,simulation/NewSession2/size_effect_batch/Iso_truss/N4/feature_data.txt,/home/haoyu.wang/ARTC_Database_final/generate_script/NewSession2/size_effect_batch/Iso_truss/Iso_truss_5_0p5_8_StaCompre_4x4x4/feature_data.txt
simulation,NewSession2,size_effect_batch,Iso_truss,Iso_truss,5,8,,,60,missing,,1,simulation/NewSession2/size_effect_batch/Iso_truss/N5/feature_data.txt,/home/haoyu.wang/ARTC_Database_final/generate_script/NewSession2/size_effect_batch/Iso_truss/Iso_truss_5_0p5_8_StaCompre_5x5x5/feature_data.txt
simulation,NewSession2,size_effect_batch,Octahedron,Octahedron,1,8,,,60,successful,0.204753755943,1,simulation/NewSession2/size_effect_batch/Octahedron/N1/feature_data.txt,/home/haoyu.wang/ARTC_Database_final/generate_script/NewSession2/size_effect_batch/Octahedron/Octahedron_5_0p5_8_StaCompre_1x1x1/feature_data.txt
simulation,NewSession2,size_effect_batch,Octahedron,Octahedron,2,8,,,60,successful,0.204754525177,1,simulation/NewSession2/size_effect_batch/Octahedron/N2/feature_data.txt,/home/haoyu.wang/ARTC_Database_final/generate_script/NewSession2/size_effect_batch/Octahedron/Octahedron_5_0p5_8_StaCompre_2x2x2/feature_data.txt
simulation,NewSession2,size_effect_batch,Octahedron,Octahedron,3,8,,,60,successful,0.204752343574,1,simulation/NewSession2/size_effect_batch/Octahedron/N3/feature_data.txt,/home/haoyu.wang/ARTC_Database_final/generate_script/NewSession2/size_effect_batch/Octahedron/Octahedron_5_0p5_8_StaCompre_3x3x3/feature_data.txt
simulation,NewSession2,size_effect_batch,Octahedron,Octahedron,4,8,,,60,missing,,1,simulation/NewSession2/size_effect_batch/Octahedron/N4/feature_data.txt,/home/haoyu.wang/ARTC_Database_final/generate_script/NewSession2/size_effect_batch/Octahedron/Octahedron_5_0p5_8_StaCompre_4x4x4/feature_data.txt
simulation,NewSession2,size_effect_batch,Octahedron,Octahedron,5,8,,,60,missing,,1,simulation/NewSession2/size_effect_batch/Octahedron/N5/feature_data.txt,/home/haoyu.wang/ARTC_Database_final/generate_script/NewSession2/size_effect_batch/Octahedron/Octahedron_5_0p5_8_StaCompre_5x5x5/feature_data.txt
simulation,NewSession2,size_effect_batch,Rhombic,Rhombic,1,8,,,60,successful,0.350410337928,1,simulation/NewSession2/size_effect_batch/Rhombic/N1/feature_data.txt,/home/haoyu.wang/ARTC_Database_final/generate_script/NewSession2/size_effect_batch/Rhombic/Rhombic_5_0p5_8_StaCompre_1x1x1/feature_data.txt
simulation,NewSession2,size_effect_batch,Rhombic,Rhombic,2,8,,,60,successful,0.350409878162,1,simulation/NewSession2/size_effect_batch/Rhombic/N2/feature_data.txt,/home/haoyu.wang/ARTC_Database_final/generate_script/NewSession2/size_effect_batch/Rhombic/Rhombic_5_0p5_8_StaCompre_2x2x2/feature_data.txt
simulation,NewSession2,size_effect_batch,Rhombic,Rhombic,3,8,,,60,missing,,1,simulation/NewSession2/size_effect_batch/Rhombic/N3/feature_data.txt,/home/haoyu.wang/ARTC_Database_final/generate_script/NewSession2/size_effect_batch/Rhombic/Rhombic_5_0p5_8_StaCompre_3x3x3/feature_data.txt
simulation,NewSession2,size_effect_batch,Rhombic,Rhombic,4,8,,,60,missing,,1,simulation/NewSession2/size_effect_batch/Rhombic/N4/feature_data.txt,/home/haoyu.wang/ARTC_Database_final/generate_script/NewSession2/size_effect_batch/Rhombic/Rhombic_5_0p5_8_StaCompre_4x4x4/feature_data.txt
simulation,NewSession2,size_effect_batch,Rhombic,Rhombic,5,8,,,60,missing,,1,simulation/NewSession2/size_effect_batch/Rhombic/N5/feature_data.txt,/home/haoyu.wang/ARTC_Database_final/generate_script/NewSession2/size_effect_batch/Rhombic/Rhombic_5_0p5_8_StaCompre_5x5x5/feature_data.txt
simulation,NewSession2,size_effect_batch,Tetrahedron_base,Tetrahedron_base,1,8,,,60,successful,0.303127664227,1,simulation/NewSession2/size_effect_batch/Tetrahedron_base/N1/feature_data.txt,/home/haoyu.wang/ARTC_Database_final/generate_script/NewSession2/size_effect_batch/Tetrahedron_base/Tetrahedron_base_5_0p5_8_StaCompre_1x1x1/feature_data.txt
simulation,NewSession2,size_effect_batch,Tetrahedron_base,Tetrahedron_base,2,8,,,60,successful,0.327988848181,1,simulation/NewSession2/size_effect_batch/Tetrahedron_base/N2/feature_data.txt,/home/haoyu.wang/ARTC_Database_final/generate_script/NewSession2/size_effect_batch/Tetrahedron_base/Tetrahedron_base_5_0p5_8_StaCompre_2x2x2/feature_data.txt
simulation,NewSession2,size_effect_batch,Tetrahedron_base,Tetrahedron_base,3,8,,,60,missing,,1,simulation/NewSession2/size_effect_batch/Tetrahedron_base/N3/feature_data.txt,/home/haoyu.wang/ARTC_Database_final/generate_script/NewSession2/size_effect_batch/Tetrahedron_base/Tetrahedron_base_5_0p5_8_StaCompre_3x3x3/feature_data.txt
simulation,NewSession2,size_effect_batch,Tetrahedron_base,Tetrahedron_base,4,8,,,60,missing,,1,simulation/NewSession2/size_effect_batch/Tetrahedron_base/N4/feature_data.txt,/home/haoyu.wang/ARTC_Database_final/generate_script/NewSession2/size_effect_batch/Tetrahedron_base/Tetrahedron_base_5_0p5_8_StaCompre_4x4x4/feature_data.txt
simulation,NewSession2,size_effect_batch,Tetrahedron_base,Tetrahedron_base,5,8,,,60,missing,,1,simulation/NewSession2/size_effect_batch/Tetrahedron_base/N5/feature_data.txt,/home/haoyu.wang/ARTC_Database_final/generate_script/NewSession2/size_effect_batch/Tetrahedron_base/Tetrahedron_base_5_0p5_8_StaCompre_5x5x5/feature_data.txt
simulation,NewSession2,size_effect_batch,Truncated_Octoctahedron,Truncated_Octoctahedron,1,8,,,60,missing,,1,simulation/NewSession2/size_effect_batch/Truncated_Octoctahedron/N1/feature_data.txt,/home/haoyu.wang/ARTC_Database_final/generate_script/NewSession2/size_effect_batch/Truncated_Octoctahedron/Truncated_Octoctahedron_5_0p5_8_StaCompre_1x1x1/feature_data.txt
simulation,NewSession2,size_effect_batch,Truncated_Octoctahedron,Truncated_Octoctahedron,2,8,,,60,successful,0.298662258023,1,simulation/NewSession2/size_effect_batch/Truncated_Octoctahedron/N2/feature_data.txt,/home/haoyu.wang/ARTC_Database_final/generate_script/NewSession2/size_effect_batch/Truncated_Octoctahedron/Truncated_Octoctahedron_5_0p5_8_StaCompre_2x2x2/feature_data.txt
simulation,NewSession2,size_effect_batch,Truncated_Octoctahedron,Truncated_Octoctahedron,3,8,,,60,missing,,1,simulation/NewSession2/size_effect_batch/Truncated_Octoctahedron/N3/feature_data.txt,/home/haoyu.wang/ARTC_Database_final/generate_script/NewSession2/size_effect_batch/Truncated_Octoctahedron/Truncated_Octoctahedron_5_0p5_8_StaCompre_3x3x3/feature_data.txt
simulation,NewSession2,size_effect_batch,Truncated_Octoctahedron,Truncated_Octoctahedron,4,8,,,60,missing,,1,simulation/NewSession2/size_effect_batch/Truncated_Octoctahedron/N4/feature_data.txt,/home/haoyu.wang/ARTC_Database_final/generate_script/NewSession2/size_effect_batch/Truncated_Octoctahedron/Truncated_Octoctahedron_5_0p5_8_StaCompre_4x4x4/feature_data.txt
simulation,NewSession2,size_effect_batch,Truncated_Octoctahedron,Truncated_Octoctahedron,5,8,,,60,missing,,1,simulation/NewSession2/size_effect_batch/Truncated_Octoctahedron/N5/feature_data.txt,/home/haoyu.wang/ARTC_Database_final/generate_script/NewSession2/size_effect_batch/Truncated_Octoctahedron/Truncated_Octoctahedron_5_0p5_8_StaCompre_5x5x5/feature_data.txt
simulation,NewSession2,size_effect_batch,Truncated_cube,Truncated_cube,1,8,,,60,successful,0.131437514068,1,simulation/NewSession2/size_effect_batch/Truncated_cube/N1/feature_data.txt,/home/haoyu.wang/ARTC_Database_final/generate_script/NewSession2/size_effect_batch/Truncated_cube/Truncated_cube_5_0p5_8_StaCompre_1x1x1/feature_data.txt
simulation,NewSession2,size_effect_batch,Truncated_cube,Truncated_cube,2,8,,,60,successful,0.13143861511,1,simulation/NewSession2/size_effect_batch/Truncated_cube/N2/feature_data.txt,/home/haoyu.wang/ARTC_Database_final/generate_script/NewSession2/size_effect_batch/Truncated_cube/Truncated_cube_5_0p5_8_StaCompre_2x2x2/feature_data.txt
simulation,NewSession2,size_effect_batch,Truncated_cube,Truncated_cube,3,8,,,60,missing,,1,simulation/NewSession2/size_effect_batch/Truncated_cube/N3/feature_data.txt,/home/haoyu.wang/ARTC_Database_final/generate_script/NewSession2/size_effect_batch/Truncated_cube/Truncated_cube_5_0p5_8_StaCompre_3x3x3/feature_data.txt
simulation,NewSession2,size_effect_batch,Truncated_cube,Truncated_cube,4,8,,,60,missing,,1,simulation/NewSession2/size_effect_batch/Truncated_cube/N4/feature_data.txt,/home/haoyu.wang/ARTC_Database_final/generate_script/NewSession2/size_effect_batch/Truncated_cube/Truncated_cube_5_0p5_8_StaCompre_4x4x4/feature_data.txt
simulation,NewSession2,size_effect_batch,Truncated_cube,Truncated_cube,5,8,,,60,missing,,1,simulation/NewSession2/size_effect_batch/Truncated_cube/N5/feature_data.txt,/home/haoyu.wang/ARTC_Database_final/generate_script/NewSession2/size_effect_batch/Truncated_cube/Truncated_cube_5_0p5_8_StaCompre_5x5x5/feature_data.txt
simulation,NewSession2,size_effect_batch,WeairePhelan,WeairePhelan,1,8,,,60,missing,,1,simulation/NewSession2/size_effect_batch/WeairePhelan/N1/feature_data.txt,/home/haoyu.wang/ARTC_Database_final/generate_script/NewSession2/size_effect_batch/WeairePhelan/WeairePhelan_5_0p5_8_StaCompre_1x1x1/feature_data.txt
simulation,NewSession2,size_effect_batch,WeairePhelan,WeairePhelan,2,8,,,60,missing,,1,simulation/NewSession2/size_effect_batch/WeairePhelan/N2/feature_data.txt,/home/haoyu.wang/ARTC_Database_final/generate_script/NewSession2/size_effect_batch/WeairePhelan/WeairePhelan_5_0p5_8_StaCompre_2x2x2/feature_data.txt
simulation,NewSession2,size_effect_batch,WeairePhelan,WeairePhelan,3,8,,,60,missing,,1,simulation/NewSession2/size_effect_batch/WeairePhelan/N3/feature_data.txt,/home/haoyu.wang/ARTC_Database_final/generate_script/NewSession2/size_effect_batch/WeairePhelan/WeairePhelan_5_0p5_8_StaCompre_3x3x3/feature_data.txt
simulation,NewSession2,size_effect_batch,WeairePhelan,WeairePhelan,4,8,,,60,missing,,1,simulation/NewSession2/size_effect_batch/WeairePhelan/N4/feature_data.txt,/home/haoyu.wang/ARTC_Database_final/generate_script/NewSession2/size_effect_batch/WeairePhelan/WeairePhelan_5_0p5_8_StaCompre_4x4x4/feature_data.txt
simulation,NewSession2,size_effect_batch,WeairePhelan,WeairePhelan,5,8,,,60,missing,,1,simulation/NewSession2/size_effect_batch/WeairePhelan/N5/feature_data.txt,/home/haoyu.wang/ARTC_Database_final/generate_script/NewSession2/size_effect_batch/WeairePhelan/WeairePhelan_5_0p5_8_StaCompre_5x5x5/feature_data.txt
simulation,NewSession3,,AFCC,AFCC,1,8,,,60,successful,0.211945743542,1,simulation/NewSession3/AFCC__baseline/N1/feature_data.txt,/home/haoyu.wang/ARTC_Database_final/generate_script/NewSession3/N1/AFCC/feature_data.txt
simulation,NewSession3,,AFCC,AFCC,2,8,,,60,successful,0.211945834354,1,simulation/NewSession3/AFCC__baseline/N2/feature_data.txt,/home/haoyu.wang/ARTC_Database_final/generate_script/NewSession3/N2/AFCC/feature_data.txt
simulation,NewSession3,,AFCC,AFCC,3,8,,,60,successful,0.211946866031,1,simulation/NewSession3/AFCC__baseline/N3/feature_data.txt,/home/haoyu.wang/ARTC_Database_final/generate_script/NewSession3/N3/AFCC/feature_data.txt
simulation,NewSession3,,AFCC,AFCC,4,8,,,60,successful,0.21194660922,1,simulation/NewSession3/AFCC__baseline/N4/feature_data.txt,/home/haoyu.wang/ARTC_Database_final/generate_script/NewSession3/N4/AFCC/feature_data.txt
simulation,NewSession3,,AFCC,AFCC,5,8,,,60,successful,0.211946253293,1,simulation/NewSession3/AFCC__baseline/N5/feature_data.txt,/home/haoyu.wang/ARTC_Database_final/generate_script/NewSession3/N5/AFCC/feature_data.txt
simulation,NewSession3,,Auxetic,Auxetic,1,8,,,60,successful,0.212028656297,1,simulation/NewSession3/Auxetic__baseline/N1/feature_data.txt,/home/haoyu.wang/ARTC_Database_final/generate_script/NewSession3/N1/Auxetic/feature_data.txt
simulation,NewSession3,,Auxetic,Auxetic_slider4,1,4,slider4,,60,successful,0.269872364741,1,simulation/NewSession3/Auxetic__slider4/N1/feature_data.txt,/home/haoyu.wang/ARTC_Database_final/generate_script/NewSession3/N1/Auxetic_slider4/feature_data.txt
simulation,NewSession3,,Auxetic,Auxetic,2,8,,,60,successful,0.21241804993,1,simulation/NewSession3/Auxetic__baseline/N2/feature_data.txt,/home/haoyu.wang/ARTC_Database_final/generate_script/NewSession3/N2/Auxetic/feature_data.txt
simulation,NewSession3,,Auxetic,Auxetic_slider4,2,4,slider4,,60,successful,0.269872405126,1,simulation/NewSession3/Auxetic__slider4/N2/feature_data.txt,/home/haoyu.wang/ARTC_Database_final/generate_script/NewSession3/N2/Auxetic_slider4/feature_data.txt
simulation,NewSession3,,Auxetic,Auxetic,3,8,,,60,successful,0.212417620929,1,simulation/NewSession3/Auxetic__baseline/N3/feature_data.txt,/home/haoyu.wang/ARTC_Database_final/generate_script/NewSession3/N3/Auxetic/feature_data.txt
simulation,NewSession3,,Auxetic,Auxetic_slider4,3,4,slider4,,60,successful,0.26987259464,1,simulation/NewSession3/Auxetic__slider4/N3/feature_data.txt,/home/haoyu.wang/ARTC_Database_final/generate_script/NewSession3/N3/Auxetic_slider4/feature_data.txt
simulation,NewSession3,,Auxetic,Auxetic,4,8,,,60,successful,0.212417868827,1,simulation/NewSession3/Auxetic__baseline/N4/feature_data.txt,/home/haoyu.wang/ARTC_Database_final/generate_script/NewSession3/N4/Auxetic/feature_data.txt
simulation,NewSession3,,Auxetic,Auxetic_slider4,4,4,slider4,,60,missing,,1,simulation/NewSession3/Auxetic__slider4/N4/feature_data.txt,/home/haoyu.wang/ARTC_Database_final/generate_script/NewSession3/N4/Auxetic_slider4/feature_data.txt
simulation,NewSession3,,Auxetic,Auxetic,5,8,,,60,successful,0.212418887737,1,simulation/NewSession3/Auxetic__baseline/N5/feature_data.txt,/home/haoyu.wang/ARTC_Database_final/generate_script/NewSession3/N5/Auxetic/feature_data.txt
simulation,NewSession3,,Auxetic,Auxetic_slider4,5,4,slider4,,60,missing,,1,simulation/NewSession3/Auxetic__slider4/N5/feature_data.txt,/home/haoyu.wang/ARTC_Database_final/generate_script/NewSession3/N5/Auxetic_slider4/feature_data.txt
simulation,NewSession3,,BCC,BCC,1,8,,,60,successful,0.178464631379,1,simulation/NewSession3/BCC__baseline/N1/feature_data.txt,/home/haoyu.wang/ARTC_Database_final/generate_script/NewSession3/N1/BCC/feature_data.txt
simulation,NewSession3,,BCC,BCC,2,8,,,60,successful,0.178463988608,1,simulation/NewSession3/BCC__baseline/N2/feature_data.txt,/home/haoyu.wang/ARTC_Database_final/generate_script/NewSession3/N2/BCC/feature_data.txt
simulation,NewSession3,,BCC,BCC,3,8,,,60,missing,,1,simulation/NewSession3/BCC__baseline/N3/feature_data.txt,/home/haoyu.wang/ARTC_Database_final/generate_script/NewSession3/N3/BCC/feature_data.txt
simulation,NewSession3,,BCC,BCC_sphere1p2,3,8,sphere1p2,,60,successful,0.178464057585,1,simulation/NewSession3/BCC__sphere1p2/N3/feature_data.txt,/home/haoyu.wang/ARTC_Database_final/generate_script/NewSession3/N3/BCC_sphere1p2/feature_data.txt
simulation,NewSession3,,BCC,BCC,4,8,,,60,successful,0.178464066746,1,simulation/NewSession3/BCC__baseline/N4/feature_data.txt,/home/haoyu.wang/ARTC_Database_final/generate_script/NewSession3/N4/BCC/feature_data.txt
simulation,NewSession3,,BCC,BCC,5,8,,,60,missing,,1,simulation/NewSession3/BCC__baseline/N5/feature_data.txt,/home/haoyu.wang/ARTC_Database_final/generate_script/NewSession3/N5/BCC/feature_data.txt
simulation,NewSession3,,BCC,BCC_sphere1p2,5,8,sphere1p2,,60,successful,0.178464068021,1,simulation/NewSession3/BCC__sphere1p2/N5/feature_data.txt,/home/haoyu.wang/ARTC_Database_final/generate_script/NewSession3/N5/BCC_sphere1p2/feature_data.txt
simulation,NewSession3,,BCCZ,BCCZ,1,8,,,60,successful,0.199889215902,1,simulation/NewSession3/BCCZ__baseline/N1/feature_data.txt,/home/haoyu.wang/ARTC_Database_final/generate_script/NewSession3/N1/BCCZ/feature_data.txt
simulation,NewSession3,,BCCZ,BCCZ,2,8,,,60,successful,0.199889766412,1,simulation/NewSession3/BCCZ__baseline/N2/feature_data.txt,/home/haoyu.wang/ARTC_Database_final/generate_script/NewSession3/N2/BCCZ/feature_data.txt
simulation,NewSession3,,BCCZ,BCCZ,3,8,,,60,successful,0.19988991345,1,simulation/NewSession3/BCCZ__baseline/N3/feature_data.txt,/home/haoyu.wang/ARTC_Database_final/generate_script/NewSession3/N3/BCCZ/feature_data.txt
simulation,NewSession3,,BCCZ,BCCZ,4,8,,,60,successful,0.199890279853,1,simulation/NewSession3/BCCZ__baseline/N4/feature_data.txt,/home/haoyu.wang/ARTC_Database_final/generate_script/NewSession3/N4/BCCZ/feature_data.txt
simulation,NewSession3,,BCCZ,BCCZ,5,8,,,60,successful,0.199890499696,1,simulation/NewSession3/BCCZ__baseline/N5/feature_data.txt,/home/haoyu.wang/ARTC_Database_final/generate_script/NewSession3/N5/BCCZ/feature_data.txt
simulation,NewSession3,,BCCZ,BCCZ_mesh0p6,5,8,mesh0p6,,60,missing,,1,simulation/NewSession3/BCCZ__mesh0p6/N5/feature_data.txt,/home/haoyu.wang/ARTC_Database_final/generate_script/NewSession3/N5/BCCZ_mesh0p6/feature_data.txt
simulation,NewSession3,,BCCZ,BCCZ_sphere1p2,5,8,sphere1p2,,60,successful,0.199890499696,1,simulation/NewSession3/BCCZ__sphere1p2/N5/feature_data.txt,/home/haoyu.wang/ARTC_Database_final/generate_script/NewSession3/N5/BCCZ_sphere1p2/feature_data.txt
simulation,NewSession3,,BCCZ,BCCZ_sphere1p2_meshC,5,8,sphere1p2_meshC,,60,missing,,1,simulation/NewSession3/BCCZ__sphere1p2_meshC/N5/feature_data.txt,/home/haoyu.wang/ARTC_Database_final/generate_script/NewSession3/N5/BCCZ_sphere1p2_meshC/feature_data.txt
simulation,NewSession3,,BCCZ,BCCZ_sphere1p4,5,8,sphere1p4,,60,successful,0.200015803841,1,simulation/NewSession3/BCCZ__sphere1p4/N5/feature_data.txt,/home/haoyu.wang/ARTC_Database_final/generate_script/NewSession3/N5/BCCZ_sphere1p4/feature_data.txt
simulation,NewSession3,,CBCC,CBCC,1,8,,,60,successful,0.242738628759,1,simulation/NewSession3/CBCC__baseline/N1/feature_data.txt,/home/haoyu.wang/ARTC_Database_final/generate_script/NewSession3/N1/CBCC/feature_data.txt
simulation,NewSession3,,CBCC,CBCC,2,8,,,60,successful,0.242738628759,1,simulation/NewSession3/CBCC__baseline/N2/feature_data.txt,/home/haoyu.wang/ARTC_Database_final/generate_script/NewSession3/N2/CBCC/feature_data.txt
simulation,NewSession3,,CBCC,CBCC,3,8,,,60,successful,0.242738628759,1,simulation/NewSession3/CBCC__baseline/N3/feature_data.txt,/home/haoyu.wang/ARTC_Database_final/generate_script/NewSession3/N3/CBCC/feature_data.txt
simulation,NewSession3,,CBCC,CBCC,4,8,,,60,successful,0.242738628759,1,simulation/NewSession3/CBCC__baseline/N4/feature_data.txt,/home/haoyu.wang/ARTC_Database_final/generate_script/NewSession3/N4/CBCC/feature_data.txt
simulation,NewSession3,,CBCC,CBCC,5,8,,,60,missing,,1,simulation/NewSession3/CBCC__baseline/N5/feature_data.txt,/home/haoyu.wang/ARTC_Database_final/generate_script/NewSession3/N5/CBCC/feature_data.txt
simulation,NewSession3,,CBCC,CBCC_sphere1p2,5,8,sphere1p2,,60,successful,0.242738628759,1,simulation/NewSession3/CBCC__sphere1p2/N5/feature_data.txt,/home/haoyu.wang/ARTC_Database_final/generate_script/NewSession3/N5/CBCC_sphere1p2/feature_data.txt
simulation,NewSession3,,Cubic,Cubic,1,8,,,60,successful,0.0829341904102,1,simulation/NewSession3/Cubic__baseline/N1/feature_data.txt,/home/haoyu.wang/ARTC_Database_final/generate_script/NewSession3/N1/Cubic/feature_data.txt
simulation,NewSession3,,Cubic,Cubic,2,8,,,60,successful,0.0829354706001,1,simulation/NewSession3/Cubic__baseline/N2/feature_data.txt,/home/haoyu.wang/ARTC_Database_final/generate_script/NewSession3/N2/Cubic/feature_data.txt
simulation,NewSession3,,Cubic,Cubic,3,8,,,60,successful,0.0829358190719,1,simulation/NewSession3/Cubic__baseline/N3/feature_data.txt,/home/haoyu.wang/ARTC_Database_final/generate_script/NewSession3/N3/Cubic/feature_data.txt
simulation,NewSession3,,Cubic,Cubic,4,8,,,60,successful,0.0829358367086,1,simulation/NewSession3/Cubic__baseline/N4/feature_data.txt,/home/haoyu.wang/ARTC_Database_final/generate_script/NewSession3/N4/Cubic/feature_data.txt
simulation,NewSession3,,Cubic,Cubic,5,8,,,60,successful,0.0829359349793,1,simulation/NewSession3/Cubic__baseline/N5/feature_data.txt,/home/haoyu.wang/ARTC_Database_final/generate_script/NewSession3/N5/Cubic/feature_data.txt
simulation,NewSession3,,CubicRosette,CubicRosette,1,8,,,60,successful,0.20475428866,1,simulation/NewSession3/CubicRosette__baseline/N1/feature_data.txt,/home/haoyu.wang/ARTC_Database_final/generate_script/NewSession3/N1/CubicRosette/feature_data.txt
simulation,NewSession3,,CubicRosette,CubicRosette,2,8,,,60,successful,0.204754713353,1,simulation/NewSession3/CubicRosette__baseline/N2/feature_data.txt,/home/haoyu.wang/ARTC_Database_final/generate_script/NewSession3/N2/CubicRosette/feature_data.txt
simulation,NewSession3,,CubicRosette,CubicRosette,3,8,,,60,successful,0.204754815389,1,simulation/NewSession3/CubicRosette__baseline/N3/feature_data.txt,/home/haoyu.wang/ARTC_Database_final/generate_script/NewSession3/N3/CubicRosette/feature_data.txt
simulation,NewSession3,,CubicRosette,CubicRosette,4,8,,,60,successful,0.204753231431,1,simulation/NewSession3/CubicRosette__baseline/N4/feature_data.txt,/home/haoyu.wang/ARTC_Database_final/generate_script/NewSession3/N4/CubicRosette/feature_data.txt
simulation,NewSession3,,CubicRosette,CubicRosette,5,8,,,60,successful,0.204756894867,1,simulation/NewSession3/CubicRosette__baseline/N5/feature_data.txt,/home/haoyu.wang/ARTC_Database_final/generate_script/NewSession3/N5/CubicRosette/feature_data.txt
simulation,NewSession3,,Cuboctahedron_Z,Cuboctahedron_Z,1,8,,,60,successful,0.397823516239,1,simulation/NewSession3/Cuboctahedron_Z__baseline/N1/feature_data.txt,/home/haoyu.wang/ARTC_Database_final/generate_script/NewSession3/N1/Cuboctahedron_Z/feature_data.txt
simulation,NewSession3,,Cuboctahedron_Z,Cuboctahedron_Z,2,8,,,60,successful,0.397823440506,1,simulation/NewSession3/Cuboctahedron_Z__baseline/N2/feature_data.txt,/home/haoyu.wang/ARTC_Database_final/generate_script/NewSession3/N2/Cuboctahedron_Z/feature_data.txt
simulation,NewSession3,,Cuboctahedron_Z,Cuboctahedron_Z_sphere1p2,2,8,sphere1p2,,60,successful,0.399045919699,1,simulation/NewSession3/Cuboctahedron_Z__sphere1p2/N2/feature_data.txt,/home/haoyu.wang/ARTC_Database_final/generate_script/NewSession3/N2/Cuboctahedron_Z_sphere1p2/feature_data.txt
simulation,NewSession3,,Cuboctahedron_Z,Cuboctahedron_Z_testG,2,8,testG,,60,successful,0.399045919699,1,simulation/NewSession3/Cuboctahedron_Z__testG/N2/feature_data.txt,/home/haoyu.wang/ARTC_Database_final/generate_script/NewSession3/N2/Cuboctahedron_Z_testG/feature_data.txt
simulation,NewSession3,,Cuboctahedron_Z,Cuboctahedron_Z,3,8,,,60,successful,0.397826153647,1,simulation/NewSession3/Cuboctahedron_Z__baseline/N3/feature_data.txt,/home/haoyu.wang/ARTC_Database_final/generate_script/NewSession3/N3/Cuboctahedron_Z/feature_data.txt
simulation,NewSession3,,Cuboctahedron_Z,Cuboctahedron_Z_sphere1p2,3,8,sphere1p2,,60,successful,0.399455777601,1,simulation/NewSession3/Cuboctahedron_Z__sphere1p2/N3/feature_data.txt,/home/haoyu.wang/ARTC_Database_final/generate_script/NewSession3/N3/Cuboctahedron_Z_sphere1p2/feature_data.txt
simulation,NewSession3,,Cuboctahedron_Z,Cuboctahedron_Z,4,8,,,60,successful,0.397826489664,1,simulation/NewSession3/Cuboctahedron_Z__baseline/N4/feature_data.txt,/home/haoyu.wang/ARTC_Database_final/generate_script/NewSession3/N4/Cuboctahedron_Z/feature_data.txt
simulation,NewSession3,,Cuboctahedron_Z,Cuboctahedron_Z,5,8,,,60,missing,,1,simulation/NewSession3/Cuboctahedron_Z__baseline/N5/feature_data.txt,/home/haoyu.wang/ARTC_Database_final/generate_script/NewSession3/N5/Cuboctahedron_Z/feature_data.txt
simulation,NewSession3,,Cuboctahedron_Z,Cuboctahedron_Z_sphere1p2,5,8,sphere1p2,,60,successful,0.399781417391,1,simulation/NewSession3/Cuboctahedron_Z__sphere1p2/N5/feature_data.txt,/home/haoyu.wang/ARTC_Database_final/generate_script/NewSession3/N5/Cuboctahedron_Z_sphere1p2/feature_data.txt
simulation,NewSession3,,Diamond,Diamond,1,8,,,60,successful,0.113972789437,1,simulation/NewSession3/Diamond__baseline/N1/feature_data.txt,/home/haoyu.wang/ARTC_Database_final/generate_script/NewSession3/N1/Diamond/feature_data.txt
simulation,NewSession3,,Diamond,Diamond,2,8,,,60,successful,0.165338111023,1,simulation/NewSession3/Diamond__baseline/N2/feature_data.txt,/home/haoyu.wang/ARTC_Database_final/generate_script/NewSession3/N2/Diamond/feature_data.txt
simulation,NewSession3,,Diamond,Diamond,3,8,,,60,successful,0.181269756435,1,simulation/NewSession3/Diamond__baseline/N3/feature_data.txt,/home/haoyu.wang/ARTC_Database_final/generate_script/NewSession3/N3/Diamond/feature_data.txt
simulation,NewSession3,,Diamond,Diamond,4,8,,,60,successful,0.189067437348,1,simulation/NewSession3/Diamond__baseline/N4/feature_data.txt,/home/haoyu.wang/ARTC_Database_final/generate_script/NewSession3/N4/Diamond/feature_data.txt
simulation,NewSession3,,Diamond,Diamond,5,8,,,60,successful,0.193700475236,1,simulation/NewSession3/Diamond__baseline/N5/feature_data.txt,/home/haoyu.wang/ARTC_Database_final/generate_script/NewSession3/N5/Diamond/feature_data.txt
simulation,NewSession3,,DiamondPlus,DiamondPlus,1,8,,,60,successful,0.183813935358,1,simulation/NewSession3/DiamondPlus__baseline/N1/feature_data.txt,/home/haoyu.wang/ARTC_Database_final/generate_script/NewSession3/N1/DiamondPlus/feature_data.txt
simulation,NewSession3,,DiamondPlus,DiamondPlus,2,8,,,60,successful,0.234665964195,1,simulation/NewSession3/DiamondPlus__baseline/N2/feature_data.txt,/home/haoyu.wang/ARTC_Database_final/generate_script/NewSession3/N2/DiamondPlus/feature_data.txt
simulation,NewSession3,,DiamondPlus,DiamondPlus,3,8,,,60,successful,0.250427457973,1,simulation/NewSession3/DiamondPlus__baseline/N3/feature_data.txt,/home/haoyu.wang/ARTC_Database_final/generate_script/NewSession3/N3/DiamondPlus/feature_data.txt
simulation,NewSession3,,DiamondPlus,DiamondPlus,4,8,,,60,successful,0.258141084103,1,simulation/NewSession3/DiamondPlus__baseline/N4/feature_data.txt,/home/haoyu.wang/ARTC_Database_final/generate_script/NewSession3/N4/DiamondPlus/feature_data.txt
simulation,NewSession3,,DiamondPlus,DiamondPlus,5,8,,,60,successful,0.262723667427,1,simulation/NewSession3/DiamondPlus__baseline/N5/feature_data.txt,/home/haoyu.wang/ARTC_Database_final/generate_script/NewSession3/N5/DiamondPlus/feature_data.txt
simulation,NewSession3,,FBCCXYZ,FBCCXYZ,1,8,,,60,successful,0.407907469984,1,simulation/NewSession3/FBCCXYZ__baseline/N1/feature_data.txt,/home/haoyu.wang/ARTC_Database_final/generate_script/NewSession3/N1/FBCCXYZ/feature_data.txt
simulation,NewSession3,,FBCCXYZ,FBCCXYZ,2,8,,,60,successful,0.407908358757,1,simulation/NewSession3/FBCCXYZ__baseline/N2/feature_data.txt,/home/haoyu.wang/ARTC_Database_final/generate_script/NewSession3/N2/FBCCXYZ/feature_data.txt
simulation,NewSession3,,FBCCXYZ,FBCCXYZ,3,8,,,60,successful,0.407908523957,1,simulation/NewSession3/FBCCXYZ__baseline/N3/feature_data.txt,/home/haoyu.wang/ARTC_Database_final/generate_script/NewSession3/N3/FBCCXYZ/feature_data.txt
simulation,NewSession3,,FBCCXYZ,FBCCXYZ,4,8,,,60,successful,0.407909051584,1,simulation/NewSession3/FBCCXYZ__baseline/N4/feature_data.txt,/home/haoyu.wang/ARTC_Database_final/generate_script/NewSession3/N4/FBCCXYZ/feature_data.txt
simulation,NewSession3,,FBCCXYZ,FBCCXYZ,5,8,,,60,missing,,1,simulation/NewSession3/FBCCXYZ__baseline/N5/feature_data.txt,/home/haoyu.wang/ARTC_Database_final/generate_script/NewSession3/N5/FBCCXYZ/feature_data.txt
simulation,NewSession3,,FBCCXYZ,FBCCXYZ_sphere1p2,5,8,sphere1p2,,60,successful,0.4079087496,1,simulation/NewSession3/FBCCXYZ__sphere1p2/N5/feature_data.txt,/home/haoyu.wang/ARTC_Database_final/generate_script/NewSession3/N5/FBCCXYZ_sphere1p2/feature_data.txt
simulation,NewSession3,,FBCCXYZ,FBCCXYZ_sphere1p2_meshC,5,8,sphere1p2_meshC,,60,missing,,1,simulation/NewSession3/FBCCXYZ__sphere1p2_meshC/N5/feature_data.txt,/home/haoyu.wang/ARTC_Database_final/generate_script/NewSession3/N5/FBCCXYZ_sphere1p2_meshC/feature_data.txt
simulation,NewSession3,,FBCCZ,FBCCZ,1,8,,,60,successful,0.267205185688,1,simulation/NewSession3/FBCCZ__baseline/N1/feature_data.txt,/home/haoyu.wang/ARTC_Database_final/generate_script/NewSession3/N1/FBCCZ/feature_data.txt
simulation,NewSession3,,FBCCZ,FBCCZ,2,8,,,60,successful,0.267208423347,1,simulation/NewSession3/FBCCZ__baseline/N2/feature_data.txt,/home/haoyu.wang/ARTC_Database_final/generate_script/NewSession3/N2/FBCCZ/feature_data.txt
simulation,NewSession3,,FBCCZ,FBCCZ,3,8,,,60,successful,0.267210040396,1,simulation/NewSession3/FBCCZ__baseline/N3/feature_data.txt,/home/haoyu.wang/ARTC_Database_final/generate_script/NewSession3/N3/FBCCZ/feature_data.txt
simulation,NewSession3,,FBCCZ,FBCCZ,4,8,,,60,successful,0.267210211662,1,simulation/NewSession3/FBCCZ__baseline/N4/feature_data.txt,/home/haoyu.wang/ARTC_Database_final/generate_script/NewSession3/N4/FBCCZ/feature_data.txt
simulation,NewSession3,,FBCCZ,FBCCZ_sphere1p2,4,8,sphere1p2,,60,successful,0.267210264105,1,simulation/NewSession3/FBCCZ__sphere1p2/N4/feature_data.txt,/home/haoyu.wang/ARTC_Database_final/generate_script/NewSession3/N4/FBCCZ_sphere1p2/feature_data.txt
simulation,NewSession3,,FBCCZ,FBCCZ_sphere1p2_meshC,4,8,sphere1p2_meshC,,60,missing,,1,simulation/NewSession3/FBCCZ__sphere1p2_meshC/N4/feature_data.txt,/home/haoyu.wang/ARTC_Database_final/generate_script/NewSession3/N4/FBCCZ_sphere1p2_meshC/feature_data.txt
simulation,NewSession3,,FBCCZ,FBCCZ_sphere1p5_md50,4,8,sphere1p5_md50,,60,successful,0.267569450577,1,simulation/NewSession3/FBCCZ__sphere1p5_md50/N4/feature_data.txt,/home/haoyu.wang/ARTC_Database_final/generate_script/NewSession3/N4/FBCCZ_sphere1p5_md50/feature_data.txt
simulation,NewSession3,,FBCCZ,FBCCZ,5,8,,,60,successful,0.267211373832,1,simulation/NewSession3/FBCCZ__baseline/N5/feature_data.txt,/home/haoyu.wang/ARTC_Database_final/generate_script/NewSession3/N5/FBCCZ/feature_data.txt
simulation,NewSession3,,FBCCZ,FBCCZ_sphere1p2,5,8,sphere1p2,,60,successful,0.267211301444,1,simulation/NewSession3/FBCCZ__sphere1p2/N5/feature_data.txt,/home/haoyu.wang/ARTC_Database_final/generate_script/NewSession3/N5/FBCCZ_sphere1p2/feature_data.txt
simulation,NewSession3,,FBCCZ,FBCCZ_sphere1p2_meshC,5,8,sphere1p2_meshC,,60,missing,,1,simulation/NewSession3/FBCCZ__sphere1p2_meshC/N5/feature_data.txt,/home/haoyu.wang/ARTC_Database_final/generate_script/NewSession3/N5/FBCCZ_sphere1p2_meshC/feature_data.txt
simulation,NewSession3,,FCC,FCC,1,8,,,60,successful,0.14644263989,1,simulation/NewSession3/FCC__baseline/N1/feature_data.txt,/home/haoyu.wang/ARTC_Database_final/generate_script/NewSession3/N1/FCC/feature_data.txt
simulation,NewSession3,,FCC,FCC,2,8,,,60,successful,0.146443652579,1,simulation/NewSession3/FCC__baseline/N2/feature_data.txt,/home/haoyu.wang/ARTC_Database_final/generate_script/NewSession3/N2/FCC/feature_data.txt
simulation,NewSession3,,FCC,FCC,3,8,,,60,successful,0.146444064246,1,simulation/NewSession3/FCC__baseline/N3/feature_data.txt,/home/haoyu.wang/ARTC_Database_final/generate_script/NewSession3/N3/FCC/feature_data.txt
simulation,NewSession3,,FCC,FCC,4,8,,,60,successful,0.146442841331,1,simulation/NewSession3/FCC__baseline/N4/feature_data.txt,/home/haoyu.wang/ARTC_Database_final/generate_script/NewSession3/N4/FCC/feature_data.txt
simulation,NewSession3,,FCC,FCC,5,8,,,60,successful,0.146444551528,1,simulation/NewSession3/FCC__baseline/N5/feature_data.txt,/home/haoyu.wang/ARTC_Database_final/generate_script/NewSession3/N5/FCC/feature_data.txt
simulation,NewSession3,,FCCZ,FCCZ,1,8,,,60,successful,0.165630164123,1,simulation/NewSession3/FCCZ__baseline/N1/feature_data.txt,/home/haoyu.wang/ARTC_Database_final/generate_script/NewSession3/N1/FCCZ/feature_data.txt
simulation,NewSession3,,FCCZ,FCCZ,2,8,,,60,successful,0.165631061665,1,simulation/NewSession3/FCCZ__baseline/N2/feature_data.txt,/home/haoyu.wang/ARTC_Database_final/generate_script/NewSession3/N2/FCCZ/feature_data.txt
simulation,NewSession3,,FCCZ,FCCZ,3,8,,,60,successful,0.165631794691,1,simulation/NewSession3/FCCZ__baseline/N3/feature_data.txt,/home/haoyu.wang/ARTC_Database_final/generate_script/NewSession3/N3/FCCZ/feature_data.txt
simulation,NewSession3,,FCCZ,FCCZ,4,8,,,60,successful,0.165631669262,1,simulation/NewSession3/FCCZ__baseline/N4/feature_data.txt,/home/haoyu.wang/ARTC_Database_final/generate_script/NewSession3/N4/FCCZ/feature_data.txt
simulation,NewSession3,,FCCZ,FCCZ,5,8,,,60,missing,,1,simulation/NewSession3/FCCZ__baseline/N5/feature_data.txt,/home/haoyu.wang/ARTC_Database_final/generate_script/NewSession3/N5/FCCZ/feature_data.txt
simulation,NewSession3,,FCCZ,FCCZ_sphere1p2,5,8,sphere1p2,,60,successful,0.166374809727,1,simulation/NewSession3/FCCZ__sphere1p2/N5/feature_data.txt,/home/haoyu.wang/ARTC_Database_final/generate_script/NewSession3/N5/FCCZ_sphere1p2/feature_data.txt
simulation,NewSession3,,G7,G7,1,8,,,60,successful,0.22131374236,1,simulation/NewSession3/G7__baseline/N1/feature_data.txt,/home/haoyu.wang/ARTC_Database_final/generate_script/NewSession3/N1/G7/feature_data.txt
simulation,NewSession3,,G7,G7,2,8,,,60,successful,0.221313400192,1,simulation/NewSession3/G7__baseline/N2/feature_data.txt,/home/haoyu.wang/ARTC_Database_final/generate_script/NewSession3/N2/G7/feature_data.txt
simulation,NewSession3,,G7,G7,3,8,,,60,successful,0.221312843895,1,simulation/NewSession3/G7__baseline/N3/feature_data.txt,/home/haoyu.wang/ARTC_Database_final/generate_script/NewSession3/N3/G7/feature_data.txt
simulation,NewSession3,,G7,G7,4,8,,,60,successful,0.22131273409,1,simulation/NewSession3/G7__baseline/N4/feature_data.txt,/home/haoyu.wang/ARTC_Database_final/generate_script/NewSession3/N4/G7/feature_data.txt
simulation,NewSession3,,G7,G7,5,8,,,60,successful,0.221312417522,1,simulation/NewSession3/G7__baseline/N5/feature_data.txt,/home/haoyu.wang/ARTC_Database_final/generate_script/NewSession3/N5/G7/feature_data.txt
simulation,NewSession3,,Iso_truss,Iso_truss,1,8,,,60,successful,0.307013066782,1,simulation/NewSession3/Iso_truss__baseline/N1/feature_data.txt,/home/haoyu.wang/ARTC_Database_final/generate_script/NewSession3/N1/Iso_truss/feature_data.txt
simulation,NewSession3,,Iso_truss,Iso_truss,2,8,,,60,successful,0.307013136378,1,simulation/NewSession3/Iso_truss__baseline/N2/feature_data.txt,/home/haoyu.wang/ARTC_Database_final/generate_script/NewSession3/N2/Iso_truss/feature_data.txt
simulation,NewSession3,,Iso_truss,Iso_truss,3,8,,,60,successful,0.31190253836,1,simulation/NewSession3/Iso_truss__baseline/N3/feature_data.txt,/home/haoyu.wang/ARTC_Database_final/generate_script/NewSession3/N3/Iso_truss/feature_data.txt
simulation,NewSession3,,Iso_truss,Iso_truss_r0p55_mesh0p5,3,8,r0p55_mesh0p5,,60,successful,0.307013022874,1,simulation/NewSession3/Iso_truss__r0p55_mesh0p5/N3/feature_data.txt,/home/haoyu.wang/ARTC_Database_final/generate_script/NewSession3/N3/Iso_truss_r0p55_mesh0p5/feature_data.txt
simulation,NewSession3,,Iso_truss,Iso_truss_sphere1p2,3,8,sphere1p2,,60,successful,0.31190253836,1,simulation/NewSession3/Iso_truss__sphere1p2/N3/feature_data.txt,/home/haoyu.wang/ARTC_Database_final/generate_script/NewSession3/N3/Iso_truss_sphere1p2/feature_data.txt
simulation,NewSession3,,Iso_truss,Iso_truss_sphere1p2_meshC,3,8,sphere1p2_meshC,,60,missing,,1,simulation/NewSession3/Iso_truss__sphere1p2_meshC/N3/feature_data.txt,/home/haoyu.wang/ARTC_Database_final/generate_script/NewSession3/N3/Iso_truss_sphere1p2_meshC/feature_data.txt
simulation,NewSession3,,Iso_truss,Iso_truss_sphere1p4,3,8,sphere1p4,,60,successful,0.322772788508,1,simulation/NewSession3/Iso_truss__sphere1p4/N3/feature_data.txt,/home/haoyu.wang/ARTC_Database_final/generate_script/NewSession3/N3/Iso_truss_sphere1p4/feature_data.txt
simulation,NewSession3,,Iso_truss,Iso_truss_sphere1p5_md50,3,8,sphere1p5_md50,,60,successful,0.330334516028,1,simulation/NewSession3/Iso_truss__sphere1p5_md50/N3/feature_data.txt,/home/haoyu.wang/ARTC_Database_final/generate_script/NewSession3/N3/Iso_truss_sphere1p5_md50/feature_data.txt
simulation,NewSession3,,Iso_truss,Iso_truss,4,8,,,60,successful,0.307013016315,1,simulation/NewSession3/Iso_truss__baseline/N4/feature_data.txt,/home/haoyu.wang/ARTC_Database_final/generate_script/NewSession3/N4/Iso_truss/feature_data.txt
simulation,NewSession3,,Iso_truss,Iso_truss_sphere1p2,4,8,sphere1p2,,60,successful,0.312513455536,1,simulation/NewSession3/Iso_truss__sphere1p2/N4/feature_data.txt,/home/haoyu.wang/ARTC_Database_final/generate_script/NewSession3/N4/Iso_truss_sphere1p2/feature_data.txt
simulation,NewSession3,,Iso_truss,Iso_truss_testG,4,8,testG,,60,successful,0.312513455536,1,simulation/NewSession3/Iso_truss__testG/N4/feature_data.txt,/home/haoyu.wang/ARTC_Database_final/generate_script/NewSession3/N4/Iso_truss_testG/feature_data.txt
simulation,NewSession3,,Iso_truss,Iso_truss,5,8,,,60,successful,0.307013022812,1,simulation/NewSession3/Iso_truss__baseline/N5/feature_data.txt,/home/haoyu.wang/ARTC_Database_final/generate_script/NewSession3/N5/Iso_truss/feature_data.txt
simulation,NewSession3,,Iso_truss,Iso_truss_sphere1p2,5,8,sphere1p2,,60,successful,0.312879989649,1,simulation/NewSession3/Iso_truss__sphere1p2/N5/feature_data.txt,/home/haoyu.wang/ARTC_Database_final/generate_script/NewSession3/N5/Iso_truss_sphere1p2/feature_data.txt
simulation,NewSession3,,Kelvin,Kelvin,1,8,,,60,successful,0.206645203828,1,simulation/NewSession3/Kelvin__baseline/N1/feature_data.txt,/home/haoyu.wang/ARTC_Database_final/generate_script/NewSession3/N1/Kelvin/feature_data.txt
simulation,NewSession3,,Kelvin,Kelvin,2,8,,,60,successful,0.206646090521,1,simulation/NewSession3/Kelvin__baseline/N2/feature_data.txt,/home/haoyu.wang/ARTC_Database_final/generate_script/NewSession3/N2/Kelvin/feature_data.txt
simulation,NewSession3,,Kelvin,Kelvin_sphere1p1,2,8,sphere1p1,,60,successful,0.206710468805,1,simulation/NewSession3/Kelvin__sphere1p1/N2/feature_data.txt,/home/haoyu.wang/ARTC_Database_final/generate_script/NewSession3/N2/Kelvin_sphere1p1/feature_data.txt
simulation,NewSession3,,Kelvin,Kelvin_sphere1p2,2,8,sphere1p2,,60,successful,0.208455671401,1,simulation/NewSession3/Kelvin__sphere1p2/N2/feature_data.txt,/home/haoyu.wang/ARTC_Database_final/generate_script/NewSession3/N2/Kelvin_sphere1p2/feature_data.txt
simulation,NewSession3,,Kelvin,Kelvin,3,8,,,60,successful,0.206648808365,1,simulation/NewSession3/Kelvin__baseline/N3/feature_data.txt,/home/haoyu.wang/ARTC_Database_final/generate_script/NewSession3/N3/Kelvin/feature_data.txt
simulation,NewSession3,,Kelvin,Kelvin,4,8,,,60,successful,0.206649059413,1,simulation/NewSession3/Kelvin__baseline/N4/feature_data.txt,/home/haoyu.wang/ARTC_Database_final/generate_script/NewSession3/N4/Kelvin/feature_data.txt
simulation,NewSession3,,Kelvin,Kelvin,5,8,,,60,successful,0.206649973729,1,simulation/NewSession3/Kelvin__baseline/N5/feature_data.txt,/home/haoyu.wang/ARTC_Database_final/generate_script/NewSession3/N5/Kelvin/feature_data.txt
simulation,NewSession3,,Octahedron,Octahedron,1,8,,,60,successful,0.204753755943,1,simulation/NewSession3/Octahedron__baseline/N1/feature_data.txt,/home/haoyu.wang/ARTC_Database_final/generate_script/NewSession3/N1/Octahedron/feature_data.txt
simulation,NewSession3,,Octahedron,Octahedron,2,8,,,60,successful,0.204754525177,1,simulation/NewSession3/Octahedron__baseline/N2/feature_data.txt,/home/haoyu.wang/ARTC_Database_final/generate_script/NewSession3/N2/Octahedron/feature_data.txt
simulation,NewSession3,,Octahedron,Octahedron,3,8,,,60,successful,0.204752343574,1,simulation/NewSession3/Octahedron__baseline/N3/feature_data.txt,/home/haoyu.wang/ARTC_Database_final/generate_script/NewSession3/N3/Octahedron/feature_data.txt
simulation,NewSession3,,Octahedron,Octahedron,4,8,,,60,successful,0.20475613243,1,simulation/NewSession3/Octahedron__baseline/N4/feature_data.txt,/home/haoyu.wang/ARTC_Database_final/generate_script/NewSession3/N4/Octahedron/feature_data.txt
simulation,NewSession3,,Octahedron,Octahedron,5,8,,,60,missing,,1,simulation/NewSession3/Octahedron__baseline/N5/feature_data.txt,/home/haoyu.wang/ARTC_Database_final/generate_script/NewSession3/N5/Octahedron/feature_data.txt
simulation,NewSession3,,Octahedron,Octahedron_sphere1p2,5,8,sphere1p2,,60,successful,0.204759260239,1,simulation/NewSession3/Octahedron__sphere1p2/N5/feature_data.txt,/home/haoyu.wang/ARTC_Database_final/generate_script/NewSession3/N5/Octahedron_sphere1p2/feature_data.txt
simulation,NewSession3,,Octet_truss,Octet_truss,1,8,,,60,successful,0.378635912711,1,simulation/NewSession3/Octet_truss__baseline/N1/feature_data.txt,/home/haoyu.wang/ARTC_Database_final/generate_script/NewSession3/N1/Octet_truss/feature_data.txt
simulation,NewSession3,,Octet_truss,Octet_truss,2,8,,,60,successful,0.378637733241,1,simulation/NewSession3/Octet_truss__baseline/N2/feature_data.txt,/home/haoyu.wang/ARTC_Database_final/generate_script/NewSession3/N2/Octet_truss/feature_data.txt
simulation,NewSession3,,Octet_truss,Octet_truss,3,8,,,60,successful,0.378638096329,1,simulation/NewSession3/Octet_truss__baseline/N3/feature_data.txt,/home/haoyu.wang/ARTC_Database_final/generate_script/NewSession3/N3/Octet_truss/feature_data.txt
simulation,NewSession3,,Octet_truss,Octet_truss,4,8,,,60,successful,0.378639733906,1,simulation/NewSession3/Octet_truss__baseline/N4/feature_data.txt,/home/haoyu.wang/ARTC_Database_final/generate_script/NewSession3/N4/Octet_truss/feature_data.txt
simulation,NewSession3,,Octet_truss,Octet_truss,5,8,,,60,successful,0.378640631818,1,simulation/NewSession3/Octet_truss__baseline/N5/feature_data.txt,/home/haoyu.wang/ARTC_Database_final/generate_script/NewSession3/N5/Octet_truss/feature_data.txt
simulation,NewSession3,,Rhombic,Rhombic,1,8,,,60,successful,0.350410337928,1,simulation/NewSession3/Rhombic__baseline/N1/feature_data.txt,/home/haoyu.wang/ARTC_Database_final/generate_script/NewSession3/N1/Rhombic/feature_data.txt
simulation,NewSession3,,Rhombic,Rhombic,2,8,,,60,successful,0.350409878162,1,simulation/NewSession3/Rhombic__baseline/N2/feature_data.txt,/home/haoyu.wang/ARTC_Database_final/generate_script/NewSession3/N2/Rhombic/feature_data.txt
simulation,NewSession3,,Rhombic,Rhombic,3,8,,,60,successful,0.35040830965,1,simulation/NewSession3/Rhombic__baseline/N3/feature_data.txt,/home/haoyu.wang/ARTC_Database_final/generate_script/NewSession3/N3/Rhombic/feature_data.txt
simulation,NewSession3,,Rhombic,Rhombic,4,8,,,60,successful,0.350408105158,1,simulation/NewSession3/Rhombic__baseline/N4/feature_data.txt,/home/haoyu.wang/ARTC_Database_final/generate_script/NewSession3/N4/Rhombic/feature_data.txt
simulation,NewSession3,,Rhombic,Rhombic,5,8,,,60,missing,,1,simulation/NewSession3/Rhombic__baseline/N5/feature_data.txt,/home/haoyu.wang/ARTC_Database_final/generate_script/NewSession3/N5/Rhombic/feature_data.txt
simulation,NewSession3,,Rhombic,Rhombic_sphere1p2,5,8,sphere1p2,,60,successful,0.351523035946,1,simulation/NewSession3/Rhombic__sphere1p2/N5/feature_data.txt,/home/haoyu.wang/ARTC_Database_final/generate_script/NewSession3/N5/Rhombic_sphere1p2/feature_data.txt
simulation,NewSession3,,Tetrahedron_base,Tetrahedron_base,1,8,,,60,successful,0.303127664227,1,simulation/NewSession3/Tetrahedron_base__baseline/N1/feature_data.txt,/home/haoyu.wang/ARTC_Database_final/generate_script/NewSession3/N1/Tetrahedron_base/feature_data.txt
simulation,NewSession3,,Tetrahedron_base,Tetrahedron_base,2,8,,,60,successful,0.327988848181,1,simulation/NewSession3/Tetrahedron_base__baseline/N2/feature_data.txt,/home/haoyu.wang/ARTC_Database_final/generate_script/NewSession3/N2/Tetrahedron_base/feature_data.txt
simulation,NewSession3,,Tetrahedron_base,Tetrahedron_base,3,8,,,60,successful,0.336276005179,1,simulation/NewSession3/Tetrahedron_base__baseline/N3/feature_data.txt,/home/haoyu.wang/ARTC_Database_final/generate_script/NewSession3/N3/Tetrahedron_base/feature_data.txt
simulation,NewSession3,,Tetrahedron_base,Tetrahedron_base,4,8,,,60,successful,0.340419514136,1,simulation/NewSession3/Tetrahedron_base__baseline/N4/feature_data.txt,/home/haoyu.wang/ARTC_Database_final/generate_script/NewSession3/N4/Tetrahedron_base/feature_data.txt
simulation,NewSession3,,Tetrahedron_base,Tetrahedron_base,5,8,,,60,missing,,1,simulation/NewSession3/Tetrahedron_base__baseline/N5/feature_data.txt,/home/haoyu.wang/ARTC_Database_final/generate_script/NewSession3/N5/Tetrahedron_base/feature_data.txt
simulation,NewSession3,,Tetrahedron_base,Tetrahedron_base_sphere1p2,5,8,sphere1p2,,60,successful,0.342905269749,1,simulation/NewSession3/Tetrahedron_base__sphere1p2/N5/feature_data.txt,/home/haoyu.wang/ARTC_Database_final/generate_script/NewSession3/N5/Tetrahedron_base_sphere1p2/feature_data.txt
simulation,NewSession3,,Truncated_Octoctahedron,Truncated_Octoctahedron,1,8,,,60,successful,0.298661664926,1,simulation/NewSession3/Truncated_Octoctahedron__baseline/N1/feature_data.txt,/home/haoyu.wang/ARTC_Database_final/generate_script/NewSession3/N1/Truncated_Octoctahedron/feature_data.txt
simulation,NewSession3,,Truncated_Octoctahedron,Truncated_Octoctahedron,2,8,,,60,successful,0.298662258023,1,simulation/NewSession3/Truncated_Octoctahedron__baseline/N2/feature_data.txt,/home/haoyu.wang/ARTC_Database_final/generate_script/NewSession3/N2/Truncated_Octoctahedron/feature_data.txt
simulation,NewSession3,,Truncated_Octoctahedron,Truncated_Octoctahedron,3,8,,,60,successful,0.298662685919,1,simulation/NewSession3/Truncated_Octoctahedron__baseline/N3/feature_data.txt,/home/haoyu.wang/ARTC_Database_final/generate_script/NewSession3/N3/Truncated_Octoctahedron/feature_data.txt
simulation,NewSession3,,Truncated_Octoctahedron,Truncated_Octoctahedron,4,8,,,60,successful,0.298661847274,1,simulation/NewSession3/Truncated_Octoctahedron__baseline/N4/feature_data.txt,/home/haoyu.wang/ARTC_Database_final/generate_script/NewSession3/N4/Truncated_Octoctahedron/feature_data.txt
simulation,NewSession3,,Truncated_Octoctahedron,Truncated_Octoctahedron,5,8,,,60,missing,,1,simulation/NewSession3/Truncated_Octoctahedron__baseline/N5/feature_data.txt,/home/haoyu.wang/ARTC_Database_final/generate_script/NewSession3/N5/Truncated_Octoctahedron/feature_data.txt
simulation,NewSession3,,Truncated_Octoctahedron,Truncated_Octoctahedron_mesh0p6,5,8,mesh0p6,,60,missing,,1,simulation/NewSession3/Truncated_Octoctahedron__mesh0p6/N5/feature_data.txt,/home/haoyu.wang/ARTC_Database_final/generate_script/NewSession3/N5/Truncated_Octoctahedron_mesh0p6/feature_data.txt
simulation,NewSession3,,Truncated_Octoctahedron,Truncated_Octoctahedron_sphere1p2,5,8,sphere1p2,,60,successful,0.304195519639,1,simulation/NewSession3/Truncated_Octoctahedron__sphere1p2/N5/feature_data.txt,/home/haoyu.wang/ARTC_Database_final/generate_script/NewSession3/N5/Truncated_Octoctahedron_sphere1p2/feature_data.txt
simulation,NewSession3,,Truncated_Octoctahedron,Truncated_Octoctahedron_sphere1p2_meshC,5,8,sphere1p2_meshC,,60,missing,,1,simulation/NewSession3/Truncated_Octoctahedron__sphere1p2_meshC/N5/feature_data.txt,/home/haoyu.wang/ARTC_Database_final/generate_script/NewSession3/N5/Truncated_Octoctahedron_sphere1p2_meshC/feature_data.txt
simulation,NewSession3,,Truncated_cube,Truncated_cube,1,8,,,60,successful,0.131437514068,1,simulation/NewSession3/Truncated_cube__baseline/N1/feature_data.txt,/home/haoyu.wang/ARTC_Database_final/generate_script/NewSession3/N1/Truncated_cube/feature_data.txt
simulation,NewSession3,,Truncated_cube,Truncated_cube_testF,1,8,testF,,60,successful,0.133108823559,1,simulation/NewSession3/Truncated_cube__testF/N1/feature_data.txt,/home/haoyu.wang/ARTC_Database_final/generate_script/NewSession3/N1/Truncated_cube_testF/feature_data.txt
simulation,NewSession3,,Truncated_cube,Truncated_cube,2,8,,,60,successful,0.13143861511,1,simulation/NewSession3/Truncated_cube__baseline/N2/feature_data.txt,/home/haoyu.wang/ARTC_Database_final/generate_script/NewSession3/N2/Truncated_cube/feature_data.txt
simulation,NewSession3,,Truncated_cube,Truncated_cube,3,8,,,60,successful,0.131439324156,1,simulation/NewSession3/Truncated_cube__baseline/N3/feature_data.txt,/home/haoyu.wang/ARTC_Database_final/generate_script/NewSession3/N3/Truncated_cube/feature_data.txt
simulation,NewSession3,,Truncated_cube,Truncated_cube,4,8,,,60,successful,0.131437489875,1,simulation/NewSession3/Truncated_cube__baseline/N4/feature_data.txt,/home/haoyu.wang/ARTC_Database_final/generate_script/NewSession3/N4/Truncated_cube/feature_data.txt
simulation,NewSession3,,Truncated_cube,Truncated_cube_sphere1p2,4,8,sphere1p2,,60,successful,0.133107503763,1,simulation/NewSession3/Truncated_cube__sphere1p2/N4/feature_data.txt,/home/haoyu.wang/ARTC_Database_final/generate_script/NewSession3/N4/Truncated_cube_sphere1p2/feature_data.txt
simulation,NewSession3,,Truncated_cube,Truncated_cube_testA,4,8,testA,,60,successful,0.131437489875,1,simulation/NewSession3/Truncated_cube__testA/N4/feature_data.txt,/home/haoyu.wang/ARTC_Database_final/generate_script/NewSession3/N4/Truncated_cube_testA/feature_data.txt
simulation,NewSession3,,Truncated_cube,Truncated_cube_testB,4,8,testB,,60,successful,0.131437489875,1,simulation/NewSession3/Truncated_cube__testB/N4/feature_data.txt,/home/haoyu.wang/ARTC_Database_final/generate_script/NewSession3/N4/Truncated_cube_testB/feature_data.txt
simulation,NewSession3,,Truncated_cube,Truncated_cube_testC,4,8,testC,,60,successful,0.131437489875,1,simulation/NewSession3/Truncated_cube__testC/N4/feature_data.txt,/home/haoyu.wang/ARTC_Database_final/generate_script/NewSession3/N4/Truncated_cube_testC/feature_data.txt
simulation,NewSession3,,Truncated_cube,Truncated_cube_testD,4,8,testD,,60,successful,0.131437489875,1,simulation/NewSession3/Truncated_cube__testD/N4/feature_data.txt,/home/haoyu.wang/ARTC_Database_final/generate_script/NewSession3/N4/Truncated_cube_testD/feature_data.txt
simulation,NewSession3,,Truncated_cube,Truncated_cube_testE,4,8,testE,,60,missing,,1,simulation/NewSession3/Truncated_cube__testE/N4/feature_data.txt,/home/haoyu.wang/ARTC_Database_final/generate_script/NewSession3/N4/Truncated_cube_testE/feature_data.txt
simulation,NewSession3,,Truncated_cube,Truncated_cube_testF,4,8,testF,,60,successful,0.133107503763,1,simulation/NewSession3/Truncated_cube__testF/N4/feature_data.txt,/home/haoyu.wang/ARTC_Database_final/generate_script/NewSession3/N4/Truncated_cube_testF/feature_data.txt
simulation,NewSession3,,Truncated_cube,Truncated_cube_testG,4,8,testG,,60,successful,0.133107503763,1,simulation/NewSession3/Truncated_cube__testG/N4/feature_data.txt,/home/haoyu.wang/ARTC_Database_final/generate_script/NewSession3/N4/Truncated_cube_testG/feature_data.txt
simulation,NewSession3,,Truncated_cube,Truncated_cube_testH,4,8,testH,,60,successful,0.13156286148,1,simulation/NewSession3/Truncated_cube__testH/N4/feature_data.txt,/home/haoyu.wang/ARTC_Database_final/generate_script/NewSession3/N4/Truncated_cube_testH/feature_data.txt
simulation,NewSession3,,Truncated_cube,Truncated_cube,5,8,,,60,successful,0.131440041927,1,simulation/NewSession3/Truncated_cube__baseline/N5/feature_data.txt,/home/haoyu.wang/ARTC_Database_final/generate_script/NewSession3/N5/Truncated_cube/feature_data.txt
simulation,NewSession3,,Truncated_cube,Truncated_cube_sphere1p2,5,8,sphere1p2,,60,successful,0.133108265802,1,simulation/NewSession3/Truncated_cube__sphere1p2/N5/feature_data.txt,/home/haoyu.wang/ARTC_Database_final/generate_script/NewSession3/N5/Truncated_cube_sphere1p2/feature_data.txt
simulation,NewSession3,,WeairePhelan,WeairePhelan,1,8,,,60,successful,0.440975336652,1,simulation/NewSession3/WeairePhelan__baseline/N1/feature_data.txt,/home/haoyu.wang/ARTC_Database_final/generate_script/NewSession3/N1/WeairePhelan/feature_data.txt
simulation,NewSession3,,WeairePhelan,WeairePhelan,2,8,,,60,successful,0.440974620807,1,simulation/NewSession3/WeairePhelan__baseline/N2/feature_data.txt,/home/haoyu.wang/ARTC_Database_final/generate_script/NewSession3/N2/WeairePhelan/feature_data.txt
simulation,NewSession3,,WeairePhelan,WeairePhelan,3,8,,,60,successful,0.440974854697,1,simulation/NewSession3/WeairePhelan__baseline/N3/feature_data.txt,/home/haoyu.wang/ARTC_Database_final/generate_script/NewSession3/N3/WeairePhelan/feature_data.txt
simulation,NewSession3,,WeairePhelan,WeairePhelan,4,8,,,60,successful,0.440974830126,1,simulation/NewSession3/WeairePhelan__baseline/N4/feature_data.txt,/home/haoyu.wang/ARTC_Database_final/generate_script/NewSession3/N4/WeairePhelan/feature_data.txt
simulation,NewSession3,,WeairePhelan,WeairePhelan_mesh0p6,4,8,mesh0p6,,60,missing,,1,simulation/NewSession3/WeairePhelan__mesh0p6/N4/feature_data.txt,/home/haoyu.wang/ARTC_Database_final/generate_script/NewSession3/N4/WeairePhelan_mesh0p6/feature_data.txt
simulation,NewSession3,,WeairePhelan,WeairePhelan_sphere1p2,4,8,sphere1p2,,60,successful,0.452463017487,1,simulation/NewSession3/WeairePhelan__sphere1p2/N4/feature_data.txt,/home/haoyu.wang/ARTC_Database_final/generate_script/NewSession3/N4/WeairePhelan_sphere1p2/feature_data.txt
simulation,NewSession3,,WeairePhelan,WeairePhelan_sphere1p2_meshC,4,8,sphere1p2_meshC,,60,missing,,1,simulation/NewSession3/WeairePhelan__sphere1p2_meshC/N4/feature_data.txt,/home/haoyu.wang/ARTC_Database_final/generate_script/NewSession3/N4/WeairePhelan_sphere1p2_meshC/feature_data.txt
simulation,NewSession3,,WeairePhelan,WeairePhelan_sphere1p5_md50,4,8,sphere1p5_md50,,60,successful,0.554732877923,1,simulation/NewSession3/WeairePhelan__sphere1p5_md50/N4/feature_data.txt,/home/haoyu.wang/ARTC_Database_final/generate_script/NewSession3/N4/WeairePhelan_sphere1p5_md50/feature_data.txt
simulation,NewSession3,,WeairePhelan,WeairePhelan,5,8,,,60,missing,,1,simulation/NewSession3/WeairePhelan__baseline/N5/feature_data.txt,/home/haoyu.wang/ARTC_Database_final/generate_script/NewSession3/N5/WeairePhelan/feature_data.txt
simulation,NewSession3,,WeairePhelan,WeairePhelan_mesh0p6,5,8,mesh0p6,,60,missing,,1,simulation/NewSession3/WeairePhelan__mesh0p6/N5/feature_data.txt,/home/haoyu.wang/ARTC_Database_final/generate_script/NewSession3/N5/WeairePhelan_mesh0p6/feature_data.txt
simulation,NewSession3,,WeairePhelan,WeairePhelan_sphere1p2,5,8,sphere1p2,,60,successful,0.452463419151,1,simulation/NewSession3/WeairePhelan__sphere1p2/N5/feature_data.txt,/home/haoyu.wang/ARTC_Database_final/generate_script/NewSession3/N5/WeairePhelan_sphere1p2/feature_data.txt
simulation,NewSession3,,WeairePhelan,WeairePhelan_sphere1p2_meshC,5,8,sphere1p2_meshC,,60,missing,,1,simulation/NewSession3/WeairePhelan__sphere1p2_meshC/N5/feature_data.txt,/home/haoyu.wang/ARTC_Database_final/generate_script/NewSession3/N5/WeairePhelan_sphere1p2_meshC/feature_data.txt
simulation,NewSession3,,WeairePhelan,WeairePhelan_sphere1p4,5,8,sphere1p4,,60,successful,0.508761666464,1,simulation/NewSession3/WeairePhelan__sphere1p4/N5/feature_data.txt,/home/haoyu.wang/ARTC_Database_final/generate_script/NewSession3/N5/WeairePhelan_sphere1p4/feature_data.txt
simulation,NewSession4,,AFCC,AFCC,1,8,,,60,successful,0.213060533049,1,simulation/NewSession4/AFCC/N1/feature_data.txt,/home/haoyu.wang/ARTC_Database_final/generate_script/NewSession4/N1/AFCC/feature_data.txt
simulation,NewSession4,,AFCC,AFCC,2,8,,,60,successful,0.2130598127,1,simulation/NewSession4/AFCC/N2/feature_data.txt,/home/haoyu.wang/ARTC_Database_final/generate_script/NewSession4/N2/AFCC/feature_data.txt
simulation,NewSession4,,AFCC,AFCC,3,8,,,60,successful,0.213060753046,1,simulation/NewSession4/AFCC/N3/feature_data.txt,/home/haoyu.wang/ARTC_Database_final/generate_script/NewSession4/N3/AFCC/feature_data.txt
simulation,NewSession4,,AFCC,AFCC,4,8,,,60,successful,0.213060572694,1,simulation/NewSession4/AFCC/N4/feature_data.txt,/home/haoyu.wang/ARTC_Database_final/generate_script/NewSession4/N4/AFCC/feature_data.txt
simulation,NewSession4,,AFCC,AFCC,5,8,,,60,successful,0.213059827575,1,simulation/NewSession4/AFCC/N5/feature_data.txt,/home/haoyu.wang/ARTC_Database_final/generate_script/NewSession4/N5/AFCC/feature_data.txt
simulation,NewSession4,,Auxetic,Auxetic,1,8,,,60,successful,0.258474289778,1,simulation/NewSession4/Auxetic/N1/feature_data.txt,/home/haoyu.wang/ARTC_Database_final/generate_script/NewSession4/N1/Auxetic/feature_data.txt
simulation,NewSession4,,Auxetic,Auxetic,2,8,,,60,successful,0.258475266825,1,simulation/NewSession4/Auxetic/N2/feature_data.txt,/home/haoyu.wang/ARTC_Database_final/generate_script/NewSession4/N2/Auxetic/feature_data.txt
simulation,NewSession4,,Auxetic,Auxetic,3,8,,,60,successful,0.258475259051,1,simulation/NewSession4/Auxetic/N3/feature_data.txt,/home/haoyu.wang/ARTC_Database_final/generate_script/NewSession4/N3/Auxetic/feature_data.txt
simulation,NewSession4,,Auxetic,Auxetic,4,8,,,60,successful,0.258474857427,1,simulation/NewSession4/Auxetic/N4/feature_data.txt,/home/haoyu.wang/ARTC_Database_final/generate_script/NewSession4/N4/Auxetic/feature_data.txt
simulation,NewSession4,,Auxetic,Auxetic,5,8,,,60,successful,0.258475510312,1,simulation/NewSession4/Auxetic/N5/feature_data.txt,/home/haoyu.wang/ARTC_Database_final/generate_script/NewSession4/N5/Auxetic/feature_data.txt
simulation,NewSession4,,BCC,BCC,1,8,,,60,successful,0.178464631379,1,simulation/NewSession4/BCC/N1/feature_data.txt,/home/haoyu.wang/ARTC_Database_final/generate_script/NewSession4/N1/BCC/feature_data.txt
simulation,NewSession4,,BCC,BCC,2,8,,,60,successful,0.178463988608,1,simulation/NewSession4/BCC/N2/feature_data.txt,/home/haoyu.wang/ARTC_Database_final/generate_script/NewSession4/N2/BCC/feature_data.txt
simulation,NewSession4,,BCC,BCC,3,8,,,60,successful,0.178464057585,1,simulation/NewSession4/BCC/N3/feature_data.txt,/home/haoyu.wang/ARTC_Database_final/generate_script/NewSession4/N3/BCC/feature_data.txt
simulation,NewSession4,,BCC,BCC,4,8,,,60,successful,0.178464066746,1,simulation/NewSession4/BCC/N4/feature_data.txt,/home/haoyu.wang/ARTC_Database_final/generate_script/NewSession4/N4/BCC/feature_data.txt
simulation,NewSession4,,BCC,BCC,5,8,,,60,successful,0.178464068021,1,simulation/NewSession4/BCC/N5/feature_data.txt,/home/haoyu.wang/ARTC_Database_final/generate_script/NewSession4/N5/BCC/feature_data.txt
simulation,NewSession4,,BCCZ,BCCZ,1,8,,,60,successful,0.199889215902,1,simulation/NewSession4/BCCZ/N1/feature_data.txt,/home/haoyu.wang/ARTC_Database_final/generate_script/NewSession4/N1/BCCZ/feature_data.txt
simulation,NewSession4,,BCCZ,BCCZ,2,8,,,60,successful,0.199889766412,1,simulation/NewSession4/BCCZ/N2/feature_data.txt,/home/haoyu.wang/ARTC_Database_final/generate_script/NewSession4/N2/BCCZ/feature_data.txt
simulation,NewSession4,,BCCZ,BCCZ,3,8,,,60,successful,0.19988991345,1,simulation/NewSession4/BCCZ/N3/feature_data.txt,/home/haoyu.wang/ARTC_Database_final/generate_script/NewSession4/N3/BCCZ/feature_data.txt
simulation,NewSession4,,BCCZ,BCCZ,4,8,,,60,successful,0.199890279853,1,simulation/NewSession4/BCCZ/N4/feature_data.txt,/home/haoyu.wang/ARTC_Database_final/generate_script/NewSession4/N4/BCCZ/feature_data.txt
simulation,NewSession4,,BCCZ,BCCZ,5,8,,,60,successful,0.199890499696,1,simulation/NewSession4/BCCZ/N5/feature_data.txt,/home/haoyu.wang/ARTC_Database_final/generate_script/NewSession4/N5/BCCZ/feature_data.txt
simulation,NewSession4,,CBCC,CBCC,1,8,,,60,successful,0.242738628759,1,simulation/NewSession4/CBCC/N1/feature_data.txt,/home/haoyu.wang/ARTC_Database_final/generate_script/NewSession4/N1/CBCC/feature_data.txt
simulation,NewSession4,,CBCC,CBCC,2,8,,,60,successful,0.242738628759,1,simulation/NewSession4/CBCC/N2/feature_data.txt,/home/haoyu.wang/ARTC_Database_final/generate_script/NewSession4/N2/CBCC/feature_data.txt
simulation,NewSession4,,CBCC,CBCC,3,8,,,60,successful,0.242738628759,1,simulation/NewSession4/CBCC/N3/feature_data.txt,/home/haoyu.wang/ARTC_Database_final/generate_script/NewSession4/N3/CBCC/feature_data.txt
simulation,NewSession4,,CBCC,CBCC,4,8,,,60,successful,0.242738628759,1,simulation/NewSession4/CBCC/N4/feature_data.txt,/home/haoyu.wang/ARTC_Database_final/generate_script/NewSession4/N4/CBCC/feature_data.txt
simulation,NewSession4,,CBCC,CBCC,5,8,,,60,successful,0.242738628759,1,simulation/NewSession4/CBCC/N5/feature_data.txt,/home/haoyu.wang/ARTC_Database_final/generate_script/NewSession4/N5/CBCC/feature_data.txt
simulation,NewSession4,,Cubic,Cubic,1,8,,,60,successful,0.0829341904102,1,simulation/NewSession4/Cubic/N1/feature_data.txt,/home/haoyu.wang/ARTC_Database_final/generate_script/NewSession4/N1/Cubic/feature_data.txt
simulation,NewSession4,,Cubic,Cubic,2,8,,,60,successful,0.0829351348328,1,simulation/NewSession4/Cubic/N2/feature_data.txt,/home/haoyu.wang/ARTC_Database_final/generate_script/NewSession4/N2/Cubic/feature_data.txt
simulation,NewSession4,,Cubic,Cubic,3,8,,,60,successful,0.0829357502819,1,simulation/NewSession4/Cubic/N3/feature_data.txt,/home/haoyu.wang/ARTC_Database_final/generate_script/NewSession4/N3/Cubic/feature_data.txt
simulation,NewSession4,,Cubic,Cubic,4,8,,,60,successful,0.0829358200446,1,simulation/NewSession4/Cubic/N4/feature_data.txt,/home/haoyu.wang/ARTC_Database_final/generate_script/NewSession4/N4/Cubic/feature_data.txt
simulation,NewSession4,,Cubic,Cubic,5,8,,,60,successful,0.0829359134862,1,simulation/NewSession4/Cubic/N5/feature_data.txt,/home/haoyu.wang/ARTC_Database_final/generate_script/NewSession4/N5/Cubic/feature_data.txt
simulation,NewSession4,,CubicRosette,CubicRosette,1,8,,,60,successful,0.213554731485,1,simulation/NewSession4/CubicRosette/N1/feature_data.txt,/home/haoyu.wang/ARTC_Database_final/generate_script/NewSession4/N1/CubicRosette/feature_data.txt
simulation,NewSession4,,CubicRosette,CubicRosette,2,8,,,60,successful,0.213551866592,1,simulation/NewSession4/CubicRosette/N2/feature_data.txt,/home/haoyu.wang/ARTC_Database_final/generate_script/NewSession4/N2/CubicRosette/feature_data.txt
simulation,NewSession4,,CubicRosette,CubicRosette,3,8,,,60,successful,0.213547441969,1,simulation/NewSession4/CubicRosette/N3/feature_data.txt,/home/haoyu.wang/ARTC_Database_final/generate_script/NewSession4/N3/CubicRosette/feature_data.txt
simulation,NewSession4,,CubicRosette,CubicRosette,4,8,,,60,successful,0.213542709603,1,simulation/NewSession4/CubicRosette/N4/feature_data.txt,/home/haoyu.wang/ARTC_Database_final/generate_script/NewSession4/N4/CubicRosette/feature_data.txt
simulation,NewSession4,,CubicRosette,CubicRosette,5,8,,,60,successful,0.213546745679,1,simulation/NewSession4/CubicRosette/N5/feature_data.txt,/home/haoyu.wang/ARTC_Database_final/generate_script/NewSession4/N5/CubicRosette/feature_data.txt
simulation,NewSession4,,Cuboctahedron_Z,Cuboctahedron_Z,1,8,,,60,successful,0.397823516239,1,simulation/NewSession4/Cuboctahedron_Z/N1/feature_data.txt,/home/haoyu.wang/ARTC_Database_final/generate_script/NewSession4/N1/Cuboctahedron_Z/feature_data.txt
simulation,NewSession4,,Cuboctahedron_Z,Cuboctahedron_Z,2,8,,,60,successful,0.399045919699,1,simulation/NewSession4/Cuboctahedron_Z/N2/feature_data.txt,/home/haoyu.wang/ARTC_Database_final/generate_script/NewSession4/N2/Cuboctahedron_Z/feature_data.txt
simulation,NewSession4,,Cuboctahedron_Z,Cuboctahedron_Z,3,8,,,60,successful,0.399455777601,1,simulation/NewSession4/Cuboctahedron_Z/N3/feature_data.txt,/home/haoyu.wang/ARTC_Database_final/generate_script/NewSession4/N3/Cuboctahedron_Z/feature_data.txt
simulation,NewSession4,,Cuboctahedron_Z,Cuboctahedron_Z,4,8,,,60,successful,0.39965950468,1,simulation/NewSession4/Cuboctahedron_Z/N4/feature_data.txt,/home/haoyu.wang/ARTC_Database_final/generate_script/NewSession4/N4/Cuboctahedron_Z/feature_data.txt
simulation,NewSession4,,Cuboctahedron_Z,Cuboctahedron_Z,5,8,,,60,successful,0.399781417391,1,simulation/NewSession4/Cuboctahedron_Z/N5/feature_data.txt,/home/haoyu.wang/ARTC_Database_final/generate_script/NewSession4/N5/Cuboctahedron_Z/feature_data.txt
simulation,NewSession4,,Diamond,Diamond,1,8,,,60,successful,0.113972789437,1,simulation/NewSession4/Diamond/N1/feature_data.txt,/home/haoyu.wang/ARTC_Database_final/generate_script/NewSession4/N1/Diamond/feature_data.txt
simulation,NewSession4,,Diamond,Diamond,2,8,,,60,successful,0.165409002718,1,simulation/NewSession4/Diamond/N2/feature_data.txt,/home/haoyu.wang/ARTC_Database_final/generate_script/NewSession4/N2/Diamond/feature_data.txt
simulation,NewSession4,,Diamond,Diamond,3,8,,,60,successful,0.181310679899,1,simulation/NewSession4/Diamond/N3/feature_data.txt,/home/haoyu.wang/ARTC_Database_final/generate_script/NewSession4/N3/Diamond/feature_data.txt
simulation,NewSession4,,Diamond,Diamond,4,8,,,60,successful,0.189093919607,1,simulation/NewSession4/Diamond/N4/feature_data.txt,/home/haoyu.wang/ARTC_Database_final/generate_script/NewSession4/N4/Diamond/feature_data.txt
simulation,NewSession4,,Diamond,Diamond,5,8,,,60,successful,0.193717908614,1,simulation/NewSession4/Diamond/N5/feature_data.txt,/home/haoyu.wang/ARTC_Database_final/generate_script/NewSession4/N5/Diamond/feature_data.txt
simulation,NewSession4,,DiamondPlus,DiamondPlus,1,8,,,60,successful,0.274762173412,1,simulation/NewSession4/DiamondPlus/N1/feature_data.txt,/home/haoyu.wang/ARTC_Database_final/generate_script/NewSession4/N1/DiamondPlus/feature_data.txt
simulation,NewSession4,,DiamondPlus,DiamondPlus,2,8,,,60,successful,0.323900882783,1,simulation/NewSession4/DiamondPlus/N2/feature_data.txt,/home/haoyu.wang/ARTC_Database_final/generate_script/NewSession4/N2/DiamondPlus/feature_data.txt
simulation,NewSession4,,DiamondPlus,DiamondPlus,3,8,,,60,successful,0.339038626219,1,simulation/NewSession4/DiamondPlus/N3/feature_data.txt,/home/haoyu.wang/ARTC_Database_final/generate_script/NewSession4/N3/DiamondPlus/feature_data.txt
simulation,NewSession4,,DiamondPlus,DiamondPlus,4,8,,,60,successful,0.346438389469,1,simulation/NewSession4/DiamondPlus/N4/feature_data.txt,/home/haoyu.wang/ARTC_Database_final/generate_script/NewSession4/N4/DiamondPlus/feature_data.txt
simulation,NewSession4,,DiamondPlus,DiamondPlus,5,8,,,60,missing,,1,simulation/NewSession4/DiamondPlus/N5/feature_data.txt,/home/haoyu.wang/ARTC_Database_final/generate_script/NewSession4/N5/DiamondPlus/feature_data.txt
simulation,NewSession4,,FBCCXYZ,FBCCXYZ,1,8,,,60,successful,0.407907469984,1,simulation/NewSession4/FBCCXYZ/N1/feature_data.txt,/home/haoyu.wang/ARTC_Database_final/generate_script/NewSession4/N1/FBCCXYZ/feature_data.txt
simulation,NewSession4,,FBCCXYZ,FBCCXYZ,2,8,,,60,successful,0.407908358757,1,simulation/NewSession4/FBCCXYZ/N2/feature_data.txt,/home/haoyu.wang/ARTC_Database_final/generate_script/NewSession4/N2/FBCCXYZ/feature_data.txt
simulation,NewSession4,,FBCCXYZ,FBCCXYZ,3,8,,,60,successful,0.407908523957,1,simulation/NewSession4/FBCCXYZ/N3/feature_data.txt,/home/haoyu.wang/ARTC_Database_final/generate_script/NewSession4/N3/FBCCXYZ/feature_data.txt
simulation,NewSession4,,FBCCXYZ,FBCCXYZ,4,8,,,60,successful,0.407909051584,1,simulation/NewSession4/FBCCXYZ/N4/feature_data.txt,/home/haoyu.wang/ARTC_Database_final/generate_script/NewSession4/N4/FBCCXYZ/feature_data.txt
simulation,NewSession4,,FBCCXYZ,FBCCXYZ,5,8,,,60,successful,0.4079087496,1,simulation/NewSession4/FBCCXYZ/N5/feature_data.txt,/home/haoyu.wang/ARTC_Database_final/generate_script/NewSession4/N5/FBCCXYZ/feature_data.txt
simulation,NewSession4,,FBCCZ,FBCCZ,1,8,,,60,successful,0.267205185688,1,simulation/NewSession4/FBCCZ/N1/feature_data.txt,/home/haoyu.wang/ARTC_Database_final/generate_script/NewSession4/N1/FBCCZ/feature_data.txt
simulation,NewSession4,,FBCCZ,FBCCZ,2,8,,,60,successful,0.26720842853,1,simulation/NewSession4/FBCCZ/N2/feature_data.txt,/home/haoyu.wang/ARTC_Database_final/generate_script/NewSession4/N2/FBCCZ/feature_data.txt
simulation,NewSession4,,FBCCZ,FBCCZ,3,8,,,60,missing,,1,simulation/NewSession4/FBCCZ/N3/feature_data.txt,/home/haoyu.wang/ARTC_Database_final/generate_script/NewSession4/N3/FBCCZ/feature_data.txt
simulation,NewSession4,,FBCCZ,FBCCZ,4,8,,,60,missing,,1,simulation/NewSession4/FBCCZ/N4/feature_data.txt,/home/haoyu.wang/ARTC_Database_final/generate_script/NewSession4/N4/FBCCZ/feature_data.txt
simulation,NewSession4,,FBCCZ,FBCCZ,5,8,,,60,missing,,1,simulation/NewSession4/FBCCZ/N5/feature_data.txt,/home/haoyu.wang/ARTC_Database_final/generate_script/NewSession4/N5/FBCCZ/feature_data.txt
simulation,NewSession4,,FCC,FCC,1,8,,,60,successful,0.147187134052,1,simulation/NewSession4/FCC/N1/feature_data.txt,/home/haoyu.wang/ARTC_Database_final/generate_script/NewSession4/N1/FCC/feature_data.txt
simulation,NewSession4,,FCC,FCC,2,8,,,60,successful,0.147186801889,1,simulation/NewSession4/FCC/N2/feature_data.txt,/home/haoyu.wang/ARTC_Database_final/generate_script/NewSession4/N2/FCC/feature_data.txt
simulation,NewSession4,,FCC,FCC,3,8,,,60,successful,0.147186995117,1,simulation/NewSession4/FCC/N3/feature_data.txt,/home/haoyu.wang/ARTC_Database_final/generate_script/NewSession4/N3/FCC/feature_data.txt
simulation,NewSession4,,FCC,FCC,4,8,,,60,successful,0.147185920536,1,simulation/NewSession4/FCC/N4/feature_data.txt,/home/haoyu.wang/ARTC_Database_final/generate_script/NewSession4/N4/FCC/feature_data.txt
simulation,NewSession4,,FCC,FCC,5,8,,,60,successful,0.147185877361,1,simulation/NewSession4/FCC/N5/feature_data.txt,/home/haoyu.wang/ARTC_Database_final/generate_script/NewSession4/N5/FCC/feature_data.txt
simulation,NewSession4,,FCCZ,FCCZ,1,8,,,60,successful,0.166375003035,1,simulation/NewSession4/FCCZ/N1/feature_data.txt,/home/haoyu.wang/ARTC_Database_final/generate_script/NewSession4/N1/FCCZ/feature_data.txt
simulation,NewSession4,,FCCZ,FCCZ,2,8,,,60,successful,0.166375257615,1,simulation/NewSession4/FCCZ/N2/feature_data.txt,/home/haoyu.wang/ARTC_Database_final/generate_script/NewSession4/N2/FCCZ/feature_data.txt
simulation,NewSession4,,FCCZ,FCCZ,3,8,,,60,successful,0.16637533848,1,simulation/NewSession4/FCCZ/N3/feature_data.txt,/home/haoyu.wang/ARTC_Database_final/generate_script/NewSession4/N3/FCCZ/feature_data.txt
simulation,NewSession4,,FCCZ,FCCZ,4,8,,,60,successful,0.166374570351,1,simulation/NewSession4/FCCZ/N4/feature_data.txt,/home/haoyu.wang/ARTC_Database_final/generate_script/NewSession4/N4/FCCZ/feature_data.txt
simulation,NewSession4,,FCCZ,FCCZ,5,8,,,60,successful,0.166374809727,1,simulation/NewSession4/FCCZ/N5/feature_data.txt,/home/haoyu.wang/ARTC_Database_final/generate_script/NewSession4/N5/FCCZ/feature_data.txt
simulation,NewSession4,,G7,G7,1,8,,,60,successful,0.22131374236,1,simulation/NewSession4/G7/N1/feature_data.txt,/home/haoyu.wang/ARTC_Database_final/generate_script/NewSession4/N1/G7/feature_data.txt
simulation,NewSession4,,G7,G7,2,8,,,60,successful,0.221313400192,1,simulation/NewSession4/G7/N2/feature_data.txt,/home/haoyu.wang/ARTC_Database_final/generate_script/NewSession4/N2/G7/feature_data.txt
simulation,NewSession4,,G7,G7,3,8,,,60,successful,0.221312843895,1,simulation/NewSession4/G7/N3/feature_data.txt,/home/haoyu.wang/ARTC_Database_final/generate_script/NewSession4/N3/G7/feature_data.txt
simulation,NewSession4,,G7,G7,4,8,,,60,successful,0.22131273409,1,simulation/NewSession4/G7/N4/feature_data.txt,/home/haoyu.wang/ARTC_Database_final/generate_script/NewSession4/N4/G7/feature_data.txt
simulation,NewSession4,,G7,G7,5,8,,,60,successful,0.221312417522,1,simulation/NewSession4/G7/N5/feature_data.txt,/home/haoyu.wang/ARTC_Database_final/generate_script/NewSession4/N5/G7/feature_data.txt
simulation,NewSession4,,Iso_truss,Iso_truss,1,8,,,60,successful,0.307013066782,1,simulation/NewSession4/Iso_truss/N1/feature_data.txt,/home/haoyu.wang/ARTC_Database_final/generate_script/NewSession4/N1/Iso_truss/feature_data.txt
simulation,NewSession4,,Iso_truss,Iso_truss,2,8,,,60,successful,0.31068067491,1,simulation/NewSession4/Iso_truss/N2/feature_data.txt,/home/haoyu.wang/ARTC_Database_final/generate_script/NewSession4/N2/Iso_truss/feature_data.txt
simulation,NewSession4,,Iso_truss,Iso_truss,3,8,,,60,successful,0.31190253836,1,simulation/NewSession4/Iso_truss/N3/feature_data.txt,/home/haoyu.wang/ARTC_Database_final/generate_script/NewSession4/N3/Iso_truss/feature_data.txt
simulation,NewSession4,,Iso_truss,Iso_truss,4,8,,,60,successful,0.312513455536,1,simulation/NewSession4/Iso_truss/N4/feature_data.txt,/home/haoyu.wang/ARTC_Database_final/generate_script/NewSession4/N4/Iso_truss/feature_data.txt
simulation,NewSession4,,Iso_truss,Iso_truss,5,8,,,60,successful,0.312879989649,1,simulation/NewSession4/Iso_truss/N5/feature_data.txt,/home/haoyu.wang/ARTC_Database_final/generate_script/NewSession4/N5/Iso_truss/feature_data.txt
simulation,NewSession4,,Kelvin,Kelvin,1,8,,,60,successful,0.208456416139,1,simulation/NewSession4/Kelvin/N1/feature_data.txt,/home/haoyu.wang/ARTC_Database_final/generate_script/NewSession4/N1/Kelvin/feature_data.txt
simulation,NewSession4,,Kelvin,Kelvin,2,8,,,60,successful,0.208455671401,1,simulation/NewSession4/Kelvin/N2/feature_data.txt,/home/haoyu.wang/ARTC_Database_final/generate_script/NewSession4/N2/Kelvin/feature_data.txt
simulation,NewSession4,,Kelvin,Kelvin,3,8,,,60,successful,0.208454726274,1,simulation/NewSession4/Kelvin/N3/feature_data.txt,/home/haoyu.wang/ARTC_Database_final/generate_script/NewSession4/N3/Kelvin/feature_data.txt
simulation,NewSession4,,Kelvin,Kelvin,4,8,,,60,successful,0.208455627113,1,simulation/NewSession4/Kelvin/N4/feature_data.txt,/home/haoyu.wang/ARTC_Database_final/generate_script/NewSession4/N4/Kelvin/feature_data.txt
simulation,NewSession4,,Kelvin,Kelvin,5,8,,,60,successful,0.208455722015,1,simulation/NewSession4/Kelvin/N5/feature_data.txt,/home/haoyu.wang/ARTC_Database_final/generate_script/NewSession4/N5/Kelvin/feature_data.txt
simulation,NewSession4,,Octahedron,Octahedron,1,8,,,60,successful,0.204758488174,1,simulation/NewSession4/Octahedron/N1/feature_data.txt,/home/haoyu.wang/ARTC_Database_final/generate_script/NewSession4/N1/Octahedron/feature_data.txt
simulation,NewSession4,,Octahedron,Octahedron,2,8,,,60,successful,0.204758560409,1,simulation/NewSession4/Octahedron/N2/feature_data.txt,/home/haoyu.wang/ARTC_Database_final/generate_script/NewSession4/N2/Octahedron/feature_data.txt
simulation,NewSession4,,Octahedron,Octahedron,3,8,,,60,successful,0.204759809927,1,simulation/NewSession4/Octahedron/N3/feature_data.txt,/home/haoyu.wang/ARTC_Database_final/generate_script/NewSession4/N3/Octahedron/feature_data.txt
simulation,NewSession4,,Octahedron,Octahedron,4,8,,,60,successful,0.204759972948,1,simulation/NewSession4/Octahedron/N4/feature_data.txt,/home/haoyu.wang/ARTC_Database_final/generate_script/NewSession4/N4/Octahedron/feature_data.txt
simulation,NewSession4,,Octahedron,Octahedron,5,8,,,60,successful,0.204759260239,1,simulation/NewSession4/Octahedron/N5/feature_data.txt,/home/haoyu.wang/ARTC_Database_final/generate_script/NewSession4/N5/Octahedron/feature_data.txt
simulation,NewSession4,,Octet_truss,Octet_truss,1,8,,,60,successful,0.378635912711,1,simulation/NewSession4/Octet_truss/N1/feature_data.txt,/home/haoyu.wang/ARTC_Database_final/generate_script/NewSession4/N1/Octet_truss/feature_data.txt
simulation,NewSession4,,Octet_truss,Octet_truss,2,8,,,60,successful,0.378637818656,1,simulation/NewSession4/Octet_truss/N2/feature_data.txt,/home/haoyu.wang/ARTC_Database_final/generate_script/NewSession4/N2/Octet_truss/feature_data.txt
simulation,NewSession4,,Octet_truss,Octet_truss,3,8,,,60,successful,0.378638001947,1,simulation/NewSession4/Octet_truss/N3/feature_data.txt,/home/haoyu.wang/ARTC_Database_final/generate_script/NewSession4/N3/Octet_truss/feature_data.txt
simulation,NewSession4,,Octet_truss,Octet_truss,4,8,,,60,successful,0.378639666557,1,simulation/NewSession4/Octet_truss/N4/feature_data.txt,/home/haoyu.wang/ARTC_Database_final/generate_script/NewSession4/N4/Octet_truss/feature_data.txt
simulation,NewSession4,,Octet_truss,Octet_truss,5,8,,,60,successful,0.378640700632,1,simulation/NewSession4/Octet_truss/N5/feature_data.txt,/home/haoyu.wang/ARTC_Database_final/generate_script/NewSession4/N5/Octet_truss/feature_data.txt
simulation,NewSession4,,Rhombic,Rhombic,1,8,,,60,empty_odb,,1,simulation/NewSession4/Rhombic/N1/feature_data.txt,/home/haoyu.wang/ARTC_Database_final/generate_script/NewSession4/N1/Rhombic/feature_data.txt
simulation,NewSession4,,Rhombic,Rhombic,2,8,,,60,successful,0.35152429155,1,simulation/NewSession4/Rhombic/N2/feature_data.txt,/home/haoyu.wang/ARTC_Database_final/generate_script/NewSession4/N2/Rhombic/feature_data.txt
simulation,NewSession4,,Rhombic,Rhombic,3,8,,,60,successful,0.351523875764,1,simulation/NewSession4/Rhombic/N3/feature_data.txt,/home/haoyu.wang/ARTC_Database_final/generate_script/NewSession4/N3/Rhombic/feature_data.txt
simulation,NewSession4,,Rhombic,Rhombic,4,8,,,60,successful,0.351523600943,1,simulation/NewSession4/Rhombic/N4/feature_data.txt,/home/haoyu.wang/ARTC_Database_final/generate_script/NewSession4/N4/Rhombic/feature_data.txt
simulation,NewSession4,,Rhombic,Rhombic,5,8,,,60,successful,0.351523035946,1,simulation/NewSession4/Rhombic/N5/feature_data.txt,/home/haoyu.wang/ARTC_Database_final/generate_script/NewSession4/N5/Rhombic/feature_data.txt
simulation,NewSession4,,Tetrahedron_base,Tetrahedron_base,1,8,,,60,successful,0.303127664227,1,simulation/NewSession4/Tetrahedron_base/N1/feature_data.txt,/home/haoyu.wang/ARTC_Database_final/generate_script/NewSession4/N1/Tetrahedron_base/feature_data.txt
simulation,NewSession4,,Tetrahedron_base,Tetrahedron_base,2,8,,,60,successful,0.327988843005,1,simulation/NewSession4/Tetrahedron_base/N2/feature_data.txt,/home/haoyu.wang/ARTC_Database_final/generate_script/NewSession4/N2/Tetrahedron_base/feature_data.txt
simulation,NewSession4,,Tetrahedron_base,Tetrahedron_base,3,8,,,60,successful,0.33627600206,1,simulation/NewSession4/Tetrahedron_base/N3/feature_data.txt,/home/haoyu.wang/ARTC_Database_final/generate_script/NewSession4/N3/Tetrahedron_base/feature_data.txt
simulation,NewSession4,,Tetrahedron_base,Tetrahedron_base,4,8,,,60,successful,0.34041951213,1,simulation/NewSession4/Tetrahedron_base/N4/feature_data.txt,/home/haoyu.wang/ARTC_Database_final/generate_script/NewSession4/N4/Tetrahedron_base/feature_data.txt
simulation,NewSession4,,Tetrahedron_base,Tetrahedron_base,5,8,,,60,successful,0.342905269749,1,simulation/NewSession4/Tetrahedron_base/N5/feature_data.txt,/home/haoyu.wang/ARTC_Database_final/generate_script/NewSession4/N5/Tetrahedron_base/feature_data.txt
simulation,NewSession4,,Truncated_Octoctahedron,Truncated_Octoctahedron,1,8,,,60,successful,0.304195536094,1,simulation/NewSession4/Truncated_Octoctahedron/N1/feature_data.txt,/home/haoyu.wang/ARTC_Database_final/generate_script/NewSession4/N1/Truncated_Octoctahedron/feature_data.txt
simulation,NewSession4,,Truncated_Octoctahedron,Truncated_Octoctahedron,2,8,,,60,successful,0.304195408438,1,simulation/NewSession4/Truncated_Octoctahedron/N2/feature_data.txt,/home/haoyu.wang/ARTC_Database_final/generate_script/NewSession4/N2/Truncated_Octoctahedron/feature_data.txt
simulation,NewSession4,,Truncated_Octoctahedron,Truncated_Octoctahedron,3,8,,,60,successful,0.304194996846,1,simulation/NewSession4/Truncated_Octoctahedron/N3/feature_data.txt,/home/haoyu.wang/ARTC_Database_final/generate_script/NewSession4/N3/Truncated_Octoctahedron/feature_data.txt
simulation,NewSession4,,Truncated_Octoctahedron,Truncated_Octoctahedron,4,8,,,60,successful,0.304193695819,1,simulation/NewSession4/Truncated_Octoctahedron/N4/feature_data.txt,/home/haoyu.wang/ARTC_Database_final/generate_script/NewSession4/N4/Truncated_Octoctahedron/feature_data.txt
simulation,NewSession4,,Truncated_Octoctahedron,Truncated_Octoctahedron,5,8,,,60,successful,0.304195519639,1,simulation/NewSession4/Truncated_Octoctahedron/N5/feature_data.txt,/home/haoyu.wang/ARTC_Database_final/generate_script/NewSession4/N5/Truncated_Octoctahedron/feature_data.txt
simulation,NewSession4,,Truncated_cube,Truncated_cube,1,8,,,60,successful,0.133108823559,1,simulation/NewSession4/Truncated_cube/N1/feature_data.txt,/home/haoyu.wang/ARTC_Database_final/generate_script/NewSession4/N1/Truncated_cube/feature_data.txt
simulation,NewSession4,,Truncated_cube,Truncated_cube,2,8,,,60,successful,0.133109421615,1,simulation/NewSession4/Truncated_cube/N2/feature_data.txt,/home/haoyu.wang/ARTC_Database_final/generate_script/NewSession4/N2/Truncated_cube/feature_data.txt
simulation,NewSession4,,Truncated_cube,Truncated_cube,3,8,,,60,successful,0.133108365405,1,simulation/NewSession4/Truncated_cube/N3/feature_data.txt,/home/haoyu.wang/ARTC_Database_final/generate_script/NewSession4/N3/Truncated_cube/feature_data.txt
simulation,NewSession4,,Truncated_cube,Truncated_cube,4,8,,,60,successful,0.133107503763,1,simulation/NewSession4/Truncated_cube/N4/feature_data.txt,/home/haoyu.wang/ARTC_Database_final/generate_script/NewSession4/N4/Truncated_cube/feature_data.txt
simulation,NewSession4,,Truncated_cube,Truncated_cube,5,8,,,60,successful,0.133108265802,1,simulation/NewSession4/Truncated_cube/N5/feature_data.txt,/home/haoyu.wang/ARTC_Database_final/generate_script/NewSession4/N5/Truncated_cube/feature_data.txt
simulation,NewSession4,,WeairePhelan,WeairePhelan,1,8,,,60,successful,0.45246485795,1,simulation/NewSession4/WeairePhelan/N1/feature_data.txt,/home/haoyu.wang/ARTC_Database_final/generate_script/NewSession4/N1/WeairePhelan/feature_data.txt
simulation,NewSession4,,WeairePhelan,WeairePhelan,2,8,,,60,successful,0.452460953528,1,simulation/NewSession4/WeairePhelan/N2/feature_data.txt,/home/haoyu.wang/ARTC_Database_final/generate_script/NewSession4/N2/WeairePhelan/feature_data.txt
simulation,NewSession4,,WeairePhelan,WeairePhelan,3,8,,,60,successful,0.452462919128,1,simulation/NewSession4/WeairePhelan/N3/feature_data.txt,/home/haoyu.wang/ARTC_Database_final/generate_script/NewSession4/N3/WeairePhelan/feature_data.txt
simulation,NewSession4,,WeairePhelan,WeairePhelan,4,8,,,60,successful,0.452463017487,1,simulation/NewSession4/WeairePhelan/N4/feature_data.txt,/home/haoyu.wang/ARTC_Database_final/generate_script/NewSession4/N4/WeairePhelan/feature_data.txt
simulation,NewSession4,,WeairePhelan,WeairePhelan,5,8,,,60,successful,0.452463419151,1,simulation/NewSession4/WeairePhelan/N5/feature_data.txt,/home/haoyu.wang/ARTC_Database_final/generate_script/NewSession4/N5/WeairePhelan/feature_data.txt
